lr-AdamW,step,valid/recon/sess0,valid/loss,valid/recon,valid/bps,valid/co_bps,valid/fp_bps,valid/r2,valid/wt_l2,valid/wt_l2/ramp,valid/wt_kl,valid/wt_kl/ic,valid/wt_kl/co,valid/wt_kl/ramp,valid/recon_smth,hp_metric,cur_epoch,hp/lr_init,hp/dropout_rate,hp/l2_ic_enc_scale,hp/l2_ci_enc_scale,hp/l2_gen_scale,hp/l2_con_scale,hp/kl_co_scale,hp/kl_ic_scale,hp/weight_decay,hp/cd_rate,epoch,train/recon/sess0,train/loss,train/recon,train/bps,train/co_bps,train/fp_bps,train/r2,train/wt_l2,train/wt_l2/ramp,train/wt_kl,train/wt_kl/ic,train/wt_kl/co,train/wt_kl/ramp
0.01,0,,,,,,,,,,,,,,,,,,,,,,,,,,,,,,,,,,,,,,,,
,2,0.5054507851600647,5054.50732421875,0.5054507851600647,-1.0,-1.0,-1.0,nan,0.0,0.012345679104328156,0.0,0.0,0.0,0.012345679104328156,0.6782037019729614,0.5054507851600647,0.0,0.009999999776482582,0.019999999552965164,0.0,0.0,0.0,0.0,0.0,0.0,0.0,0.30000001192092896,0,,,,,,,,,,,,,
,2,,,,,,,,,,,,,,,,,,,,,,,,,,,1,0.9198849201202393,9198.8486328125,0.9198849201202393,-1.0,-1.0,-1.0,nan,0.0,0.012345679104328156,0.0,0.0,0.0,0.012345679104328156
0.01,3,,,,,,,,,,,,,,,,,,,,,,,,,,,,,,,,,,,,,,,,
,5,0.12625795602798462,1262.5797119140625,0.12625795602798462,-1.0,-1.0,-1.0,nan,0.0,0.02469135820865631,0.0,0.0,0.0,0.02469135820865631,0.29184168577194214,0.12625795602798462,1.0,0.009999999776482582,0.019999999552965164,0.0,0.0,0.0,0.0,0.0,0.0,0.0,0.30000001192092896,1,,,,,,,,,,,,,
,5,,,,,,,,,,,,,,,,,,,,,,,,,,,2,0.33180442452430725,3318.044189453125,0.33180442452430725,-1.0,-1.0,-1.0,nan,0.0,0.02469135820865631,0.0,0.0,0.0,0.02469135820865631
0.01,6,,,,,,,,,,,,,,,,,,,,,,,,,,,,,,,,,,,,,,,,
,8,0.09685888886451721,968.5888061523438,0.09685888886451721,-0.559773862361908,-0.37505269050598145,-0.49472570419311523,nan,0.0,0.03703703731298447,0.0,0.0,0.0,0.03703703731298447,0.15535372495651245,0.09685888886451721,2.0,0.009999999776482582,0.019999999552965164,0.0,0.0,0.0,0.0,0.0,0.0,0.0,0.30000001192092896,2,,,,,,,,,,,,,
,8,,,,,,,,,,,,,,,,,,,,,,,,,,,3,0.11189788579940796,1118.9788818359375,0.11189788579940796,-0.9511362910270691,-0.8868944644927979,-0.9101622104644775,nan,0.0,0.03703703731298447,0.0,0.0,0.0,0.03703703731298447
0.01,9,,,,,,,,,,,,,,,,,,,,,,,,,,,,,,,,,,,,,,,,
,11,0.09447132796049118,944.7133178710938,0.09447132796049118,-0.3855297863483429,-0.20890437066555023,-0.32445019483566284,nan,0.0,0.04938271641731262,0.0,0.0,0.0,0.04938271641731262,0.1127360463142395,0.09447132796049118,3.0,0.009999999776482582,0.019999999552965164,0.0,0.0,0.0,0.0,0.0,0.0,0.0,0.30000001192092896,3,,,,,,,,,,,,,
,11,,,,,,,,,,,,,,,,,,,,,,,,,,,4,0.0956297293305397,956.2973022460938,0.0956297293305397,-0.4292764663696289,-0.2740701138973236,-0.3957885801792145,nan,0.0,0.04938271641731262,0.0,0.0,0.0,0.04938271641731262
0.01,12,,,,,,,,,,,,,,,,,,,,,,,,,,,,,,,,,,,,,,,,
,14,0.0933033898472786,933.033935546875,0.0933033898472786,-0.29850104451179504,-0.11210057884454727,-0.25728681683540344,nan,0.0,0.06172839179635048,0.0,0.0,0.0,0.06172839179635048,0.09913318604230881,0.0933033898472786,4.0,0.009999999776482582,0.019999999552965164,0.0,0.0,0.0,0.0,0.0,0.0,0.0,0.30000001192092896,4,,,,,,,,,,,,,
,14,,,,,,,,,,,,,,,,,,,,,,,,,,,5,0.09417112916707993,941.7112426757812,0.09417112916707993,-0.38430169224739075,-0.1763366311788559,-0.3203149735927582,nan,0.0,0.061728399246931076,0.0,0.0,0.0,0.061728399246931076
0.01,15,,,,,,,,,,,,,,,,,,,,,,,,,,,,,,,,,,,,,,,,
,17,0.09121772646903992,912.17724609375,0.09121772646903992,-0.12464556097984314,-0.03769918158650398,-0.10491173714399338,nan,0.0,0.07407407462596893,0.0,0.0,0.0,0.07407407462596893,0.09359236061573029,0.09121772646903992,5.0,0.009999999776482582,0.019999999552965164,0.0,0.0,0.0,0.0,0.0,0.0,0.0,0.30000001192092896,5,,,,,,,,,,,,,
,17,,,,,,,,,,,,,,,,,,,,,,,,,,,6,0.09271831065416336,927.18310546875,0.09271831065416336,-0.23553262650966644,-0.1183532178401947,-0.19767503440380096,nan,0.0,0.07407407462596893,0.0,0.0,0.0,0.07407407462596893
0.01,18,,,,,,,,,,,,,,,,,,,,,,,,,,,,,,,,,,,,,,,,
,20,0.09079153090715408,907.915283203125,0.09079153090715408,-0.0873510017991066,-0.006294925231486559,-0.09073370695114136,nan,0.0,0.08641975373029709,0.0,0.0,0.0,0.08641975373029709,0.09163177758455276,0.09079153090715408,6.0,0.009999999776482582,0.019999999552965164,0.0,0.0,0.0,0.0,0.0,0.0,0.0,0.30000001192092896,6,,,,,,,,,,,,,
,20,,,,,,,,,,,,,,,,,,,,,,,,,,,7,0.09138534218072891,913.853515625,0.09138534218072891,-0.12768854200839996,-0.052981797605752945,-0.1064123585820198,nan,0.0,0.08641975373029709,0.0,0.0,0.0,0.08641975373029709
0.01,21,,,,,,,,,,,,,,,,,,,,,,,,,,,,,,,,,,,,,,,,
,23,0.09594423323869705,959.4423217773438,0.09594423323869705,-0.4912114441394806,-0.4054459035396576,-0.3652161955833435,nan,0.0,0.09876543283462524,0.0,0.0,0.0,0.09876543283462524,0.094650499522686,0.09594423323869705,7.0,0.009999999776482582,0.019999999552965164,0.0,0.0,0.0,0.0,0.0,0.0,0.0,0.30000001192092896,7,,,,,,,,,,,,,
,23,,,,,,,,,,,,,,,,,,,,,,,,,,,8,0.09308373928070068,930.83740234375,0.09308373928070068,-0.24825763702392578,-0.19345159828662872,-0.2573152482509613,nan,0.0,0.09876543283462524,0.0,0.0,0.0,0.09876543283462524
0.01,24,,,,,,,,,,,,,,,,,,,,,,,,,,,,,,,,,,,,,,,,
,26,0.09252019971609116,925.201904296875,0.09252019971609116,-0.1955227255821228,-0.20415936410427094,-0.19549435377120972,nan,0.0,0.1111111119389534,0.0,0.0,0.0,0.1111111119389534,0.09315929561853409,0.09252019971609116,8.0,0.009999999776482582,0.019999999552965164,0.0,0.0,0.0,0.0,0.0,0.0,0.0,0.30000001192092896,8,,,,,,,,,,,,,
,26,,,,,,,,,,,,,,,,,,,,,,,,,,,9,0.09390612691640854,939.0612182617188,0.09390612691640854,-0.306555837392807,-0.2623901665210724,-0.23358596861362457,nan,0.0,0.1111111119389534,0.0,0.0,0.0,0.1111111119389534
0.01,27,,,,,,,,,,,,,,,,,,,,,,,,,,,,,,,,,,,,,,,,
,29,0.09136234223842621,913.6234130859375,0.09136234223842621,-0.12271170318126678,-0.08635556697845459,-0.11666553467512131,nan,0.0,0.12345678359270096,0.0,0.0,0.0,0.12345678359270096,0.09190142899751663,0.09136234223842621,9.0,0.009999999776482582,0.019999999552965164,0.0,0.0,0.0,0.0,0.0,0.0,0.0,0.30000001192092896,9,,,,,,,,,,,,,
,29,,,,,,,,,,,,,,,,,,,,,,,,,,,10,0.09165769070386887,916.576904296875,0.09165769070386887,-0.1346348077058792,-0.1181798204779625,-0.12471769005060196,nan,0.0,0.12345679849386215,0.0,0.0,0.0,0.12345679849386215
0.01,30,,,,,,,,,,,,,,,,,,,,,,,,,,,,,,,,,,,,,,,,
,32,0.0910017266869545,910.0172729492188,0.0910017266869545,-0.0934656485915184,-0.07662110030651093,-0.08439532667398453,nan,0.0,0.1358024626970291,0.0,0.0,0.0,0.1358024626970291,0.09127163887023926,0.0910017266869545,10.0,0.009999999776482582,0.019999999552965164,0.0,0.0,0.0,0.0,0.0,0.0,0.0,0.30000001192092896,10,,,,,,,,,,,,,
,32,,,,,,,,,,,,,,,,,,,,,,,,,,,11,0.09113475680351257,911.3474731445312,0.09113475680351257,-0.09716812521219254,-0.07190444320440292,-0.08027718961238861,nan,0.0,0.1358024626970291,0.0,0.0,0.0,0.1358024626970291
0.01,33,,,,,,,,,,,,,,,,,,,,,,,,,,,,,,,,,,,,,,,,
,35,0.09049923717975616,904.9923706054688,0.09049923717975616,-0.0535576157271862,-0.03826529160141945,-0.06055501475930214,nan,0.0,0.14814814925193787,0.0,0.0,0.0,0.14814814925193787,0.09073095768690109,0.09049923717975616,11.0,0.009999999776482582,0.019999999552965164,0.0,0.0,0.0,0.0,0.0,0.0,0.0,0.30000001192092896,11,,,,,,,,,,,,,
,35,,,,,,,,,,,,,,,,,,,,,,,,,,,12,0.09109433740377426,910.943359375,0.09109433740377426,-0.07860499620437622,-0.05878517031669617,-0.06221457198262215,nan,0.0,0.14814814925193787,0.0,0.0,0.0,0.14814814925193787
0.01,36,,,,,,,,,,,,,,,,,,,,,,,,,,,,,,,,,,,,,,,,
,38,0.09042482078075409,904.248291015625,0.09042482078075409,-0.0476435162127018,-0.04826528578996658,-0.04311711713671684,nan,0.0,0.16049382090568542,0.0,0.0,0.0,0.16049382090568542,0.09051666408777237,0.09042482078075409,12.0,0.009999999776482582,0.019999999552965164,0.0,0.0,0.0,0.0,0.0,0.0,0.0,0.30000001192092896,12,,,,,,,,,,,,,
,38,,,,,,,,,,,,,,,,,,,,,,,,,,,13,0.09028154611587524,902.8154907226562,0.09028154611587524,-0.05546719953417778,-0.04636101424694061,-0.046026770025491714,nan,0.0,0.16049382090568542,0.0,0.0,0.0,0.16049382090568542
0.01,39,,,,,,,,,,,,,,,,,,,,,,,,,,,,,,,,,,,,,,,,
,41,0.08991871029138565,899.1871337890625,0.08991871029138565,-0.007287590764462948,-0.008516640402376652,-0.01948479935526848,nan,0.0,0.17283950746059418,0.0,0.0,0.0,0.17283950746059418,0.09009809792041779,0.08991871029138565,13.0,0.009999999776482582,0.019999999552965164,0.0,0.0,0.0,0.0,0.0,0.0,0.0,0.30000001192092896,13,,,,,,,,,,,,,
,41,,,,,,,,,,,,,,,,,,,,,,,,,,,14,0.09078043699264526,907.8043823242188,0.09078043699264526,-0.044820163398981094,-0.03899494931101799,-0.04045894369482994,nan,0.0,0.17283950746059418,0.0,0.0,0.0,0.17283950746059418
0.01,42,,,,,,,,,,,,,,,,,,,,,,,,,,,,,,,,,,,,,,,,
,44,0.08971337229013443,897.1337280273438,0.08971337229013443,0.009161056019365788,0.00752769410610199,-0.008557736873626709,nan,0.0,0.18518517911434174,0.0,0.0,0.0,0.18518517911434174,0.08982878923416138,0.08971337229013443,14.0,0.009999999776482582,0.019999999552965164,0.0,0.0,0.0,0.0,0.0,0.0,0.0,0.30000001192092896,14,,,,,,,,,,,,,
,44,,,,,,,,,,,,,,,,,,,,,,,,,,,15,0.0902094841003418,902.0947875976562,0.0902094841003418,-0.022982170805335045,-0.02054891176521778,-0.021463705226778984,nan,0.0,0.18518517911434174,0.0,0.0,0.0,0.18518517911434174
0.01,45,,,,,,,,,,,,,,,,,,,,,,,,,,,,,,,,,,,,,,,,
,47,0.08943144977092743,894.3145141601562,0.08943144977092743,0.028551870957016945,0.035257719457149506,0.007433405611664057,nan,0.0,0.1975308656692505,0.0,0.0,0.0,0.1975308656692505,0.08955065160989761,0.08943144977092743,15.0,0.009999999776482582,0.019999999552965164,0.0,0.0,0.0,0.0,0.0,0.0,0.0,0.30000001192092896,15,,,,,,,,,,,,,
,47,,,,,,,,,,,,,,,,,,,,,,,,,,,16,0.08997448533773422,899.7448120117188,0.08997448533773422,-0.004936907906085253,0.00011216414713999256,-0.012672468088567257,nan,0.0,0.1975308656692505,0.0,0.0,0.0,0.1975308656692505
0.01,48,,,,,,,,,,,,,,,,,,,,,,,,,,,,,,,,,,,,,,,,
,50,0.08927419036626816,892.7418212890625,0.08927419036626816,0.04582064971327782,0.04397677257657051,0.007667565252631903,nan,0.0,0.20987653732299805,0.0,0.0,0.0,0.20987653732299805,0.08935713022947311,0.08927419036626816,16.0,0.009999999776482582,0.019999999552965164,0.0,0.0,0.0,0.0,0.0,0.0,0.0,0.30000001192092896,16,,,,,,,,,,,,,
,50,,,,,,,,,,,,,,,,,,,,,,,,,,,17,0.08980541676282883,898.0540161132812,0.08980541676282883,0.007699999958276749,0.01868312992155552,-0.00355523475445807,nan,0.0,0.20987653732299805,0.0,0.0,0.0,0.20987653732299805
0.01,51,,,,,,,,,,,,,,,,,,,,,,,,,,,,,,,,,,,,,,,,
,53,0.08907990157604218,890.7990112304688,0.08907990157604218,0.06274615973234177,0.05748438090085983,0.01514702569693327,nan,0.0,0.2222222238779068,0.0,0.0,0.0,0.2222222238779068,0.08916307240724564,0.08907990157604218,17.0,0.009999999776482582,0.019999999552965164,0.0,0.0,0.0,0.0,0.0,0.0,0.0,0.30000001192092896,17,,,,,,,,,,,,,
,53,,,,,,,,,,,,,,,,,,,,,,,,,,,18,0.08982642740011215,898.2642211914062,0.08982642740011215,0.020585695281624794,0.028887713328003883,-0.004306389018893242,nan,0.0,0.2222222238779068,0.0,0.0,0.0,0.2222222238779068
0.01,54,,,,,,,,,,,,,,,,,,,,,,,,,,,,,,,,,,,,,,,,
,56,0.0889456644654274,889.4566040039062,0.0889456644654274,0.07100895047187805,0.07119783014059067,0.024577289819717407,nan,0.0,0.23456789553165436,0.0,0.0,0.0,0.23456789553165436,0.08901088684797287,0.0889456644654274,18.0,0.009999999776482582,0.019999999552965164,0.0,0.0,0.0,0.0,0.0,0.0,0.0,0.30000001192092896,18,,,,,,,,,,,,,
,56,,,,,,,,,,,,,,,,,,,,,,,,,,,19,0.08947648853063583,894.764892578125,0.08947648853063583,0.0324614942073822,0.03695780038833618,0.004802289884537458,nan,0.0,0.23456789553165436,0.0,0.0,0.0,0.23456789553165436
0.01,57,,,,,,,,,,,,,,,,,,,,,,,,,,,,,,,,,,,,,,,,
,59,0.08883323520421982,888.3323364257812,0.08883323520421982,0.0812528058886528,0.0771680623292923,0.029348501935601234,nan,0.0,0.24691356718540192,0.0,0.0,0.0,0.24691356718540192,0.08888652920722961,0.08883323520421982,19.0,0.009999999776482582,0.019999999552965164,0.0,0.0,0.0,0.0,0.0,0.0,0.0,0.30000001192092896,19,,,,,,,,,,,,,
,59,,,,,,,,,,,,,,,,,,,,,,,,,,,20,0.08929920941591263,892.9921875,0.08929920941591263,0.045693617314100266,0.04544556513428688,0.006001684814691544,nan,0.0,0.2469135969877243,0.0,0.0,0.0,0.2469135969877243
0.01,60,,,,,,,,,,,,,,,,,,,,,,,,,,,,,,,,,,,,,,,,
,62,0.08873375505208969,887.3375854492188,0.08873375505208969,0.09086856245994568,0.0841115191578865,0.03109755739569664,nan,0.0,0.25925925374031067,0.0,0.0,0.0,0.25925925374031067,0.08877958357334137,0.08873375505208969,20.0,0.009999999776482582,0.019999999552965164,0.0,0.0,0.0,0.0,0.0,0.0,0.0,0.30000001192092896,20,,,,,,,,,,,,,
,62,,,,,,,,,,,,,,,,,,,,,,,,,,,21,0.08950672298669815,895.0673217773438,0.08950672298669815,0.05395643040537834,0.05416730418801308,0.016107996925711632,nan,0.0,0.25925925374031067,0.0,0.0,0.0,0.25925925374031067
0.01,63,,,,,,,,,,,,,,,,,,,,,,,,,,,,,,,,,,,,,,,,
,65,0.0886089950799942,886.0899047851562,0.0886089950799942,0.10237414389848709,0.09409934282302856,0.033697813749313354,nan,0.0,0.2716049253940582,0.0,0.0,0.0,0.2716049253940582,0.08866017311811447,0.0886089950799942,21.0,0.009999999776482582,0.019999999552965164,0.0,0.0,0.0,0.0,0.0,0.0,0.0,0.30000001192092896,21,,,,,,,,,,,,,
,65,,,,,,,,,,,,,,,,,,,,,,,,,,,22,0.0892331600189209,892.3316040039062,0.0892331600189209,0.06636594980955124,0.0652194544672966,0.02178952656686306,nan,0.0,0.2716049253940582,0.0,0.0,0.0,0.2716049253940582
0.01,66,,,,,,,,,,,,,,,,,,,,,,,,,,,,,,,,,,,,,,,,
,68,0.08859439939260483,885.9440307617188,0.08859439939260483,0.1043122410774231,0.09092546999454498,0.03580182418227196,nan,0.0,0.2839506268501282,0.0,0.0,0.0,0.2839506268501282,0.08861412853002548,0.08859439939260483,22.0,0.009999999776482582,0.019999999552965164,0.0,0.0,0.0,0.0,0.0,0.0,0.0,0.30000001192092896,22,,,,,,,,,,,,,
,68,,,,,,,,,,,,,,,,,,,,,,,,,,,23,0.08916977047920227,891.69775390625,0.08916977047920227,0.0769011601805687,0.07643599063158035,0.023348219692707062,nan,0.0,0.2839506268501282,0.0,0.0,0.0,0.2839506268501282
0.01,69,,,,,,,,,,,,,,,,,,,,,,,,,,,,,,,,,,,,,,,,
,71,0.08848850429058075,884.885009765625,0.08848850429058075,0.1141214594244957,0.09910186380147934,0.03799523785710335,nan,0.0,0.29629629850387573,0.0,0.0,0.0,0.29629629850387573,0.08852618932723999,0.08848850429058075,23.0,0.009999999776482582,0.019999999552965164,0.0,0.0,0.0,0.0,0.0,0.0,0.0,0.30000001192092896,23,,,,,,,,,,,,,
,71,,,,,,,,,,,,,,,,,,,,,,,,,,,24,0.08922787755727768,892.27880859375,0.08922787755727768,0.07810473442077637,0.07323819398880005,0.023448994383215904,nan,0.0,0.29629629850387573,0.0,0.0,0.0,0.29629629850387573
0.01,72,,,,,,,,,,,,,,,,,,,,,,,,,,,,,,,,,,,,,,,,
,74,0.08840754628181458,884.075439453125,0.08840754628181458,0.12097229063510895,0.1020960658788681,0.04350908100605011,nan,0.0,0.3086419701576233,0.0,0.0,0.0,0.3086419701576233,0.08844313770532608,0.08840754628181458,24.0,0.009999999776482582,0.019999999552965164,0.0,0.0,0.0,0.0,0.0,0.0,0.0,0.30000001192092896,24,,,,,,,,,,,,,
,74,,,,,,,,,,,,,,,,,,,,,,,,,,,25,0.08900537341833115,890.0537109375,0.08900537341833115,0.08507204800844193,0.07928553968667984,0.03512759134173393,nan,0.0,0.3086419701576233,0.0,0.0,0.0,0.3086419701576233
0.01,75,,,,,,,,,,,,,,,,,,,,,,,,,,,,,,,,,,,,,,,,
,77,0.08833334594964981,883.3334350585938,0.08833334594964981,0.1274479776620865,0.10883160680532455,0.0451522022485733,nan,0.0,0.32098764181137085,0.0,0.0,0.0,0.32098764181137085,0.08836628496646881,0.08833334594964981,25.0,0.009999999776482582,0.019999999552965164,0.0,0.0,0.0,0.0,0.0,0.0,0.0,0.30000001192092896,25,,,,,,,,,,,,,
,77,,,,,,,,,,,,,,,,,,,,,,,,,,,26,0.0888579711318016,888.57958984375,0.0888579711318016,0.0963454619050026,0.08854345232248306,0.036193687468767166,nan,0.0,0.32098764181137085,0.0,0.0,0.0,0.32098764181137085
0.01,78,,,,,,,,,,,,,,,,,,,,,,,,,,,,,,,,,,,,,,,,
,80,0.08825486898422241,882.5487060546875,0.08825486898422241,0.13525106012821198,0.11165933310985565,0.04793526232242584,nan,0.0,0.3333333432674408,0.0,0.0,0.0,0.3333333432674408,0.08828829228878021,0.08825486898422241,26.0,0.009999999776482582,0.019999999552965164,0.0,0.0,0.0,0.0,0.0,0.0,0.0,0.30000001192092896,26,,,,,,,,,,,,,
,80,,,,,,,,,,,,,,,,,,,,,,,,,,,27,0.08873500674962997,887.3499145507812,0.08873500674962997,0.10298969596624374,0.09248912334442139,0.04153074324131012,nan,0.0,0.3333333432674408,0.0,0.0,0.0,0.3333333432674408
0.01,81,,,,,,,,,,,,,,,,,,,,,,,,,,,,,,,,,,,,,,,,
,83,0.08830413967370987,883.0413818359375,0.08830413967370987,0.13123346865177155,0.10850562900304794,0.045411963015794754,nan,0.0,0.34567901492118835,0.0,0.0,0.0,0.34567901492118835,0.08829938620328903,0.08830413967370987,27.0,0.009999999776482582,0.019999999552965164,0.0,0.0,0.0,0.0,0.0,0.0,0.0,0.30000001192092896,27,,,,,,,,,,,,,
,83,,,,,,,,,,,,,,,,,,,,,,,,,,,28,0.08848602324724197,884.8602905273438,0.08848602324724197,0.10884985327720642,0.09582233428955078,0.04541095718741417,nan,0.0,0.34567901492118835,0.0,0.0,0.0,0.34567901492118835
0.01,84,,,,,,,,,,,,,,,,,,,,,,,,,,,,,,,,,,,,,,,,
,86,0.08816996216773987,881.6995849609375,0.08816996216773987,0.14304322004318237,0.11906304210424423,0.049389712512493134,nan,0.0,0.3580246865749359,0.0,0.0,0.0,0.3580246865749359,0.08820879459381104,0.08816996216773987,28.0,0.009999999776482582,0.019999999552965164,0.0,0.0,0.0,0.0,0.0,0.0,0.0,0.30000001192092896,28,,,,,,,,,,,,,
,86,,,,,,,,,,,,,,,,,,,,,,,,,,,29,0.08883418887853622,888.3418579101562,0.08883418887853622,0.10427530854940414,0.09403979033231735,0.03915714845061302,nan,0.0,0.3580246865749359,0.0,0.0,0.0,0.3580246865749359
0.01,87,,,,,,,,,,,,,,,,,,,,,,,,,,,,,,,,,,,,,,,,
,89,0.08812979608774185,881.2979125976562,0.08812979608774185,0.14575594663619995,0.11685750633478165,0.05622728914022446,nan,0.0,0.37037035822868347,0.0,0.0,0.0,0.37037035822868347,0.08815349638462067,0.08812979608774185,29.0,0.009999999776482582,0.019999999552965164,0.0,0.0,0.0,0.0,0.0,0.0,0.0,0.30000001192092896,29,,,,,,,,,,,,,
,89,,,,,,,,,,,,,,,,,,,,,,,,,,,30,0.08875581622123718,887.5581665039062,0.08875581622123718,0.10724606364965439,0.09623684734106064,0.03980720043182373,nan,0.0,0.37037035822868347,0.0,0.0,0.0,0.37037035822868347
0.01,90,,,,,,,,,,,,,,,,,,,,,,,,,,,,,,,,,,,,,,,,
,92,0.08817914128303528,881.7914428710938,0.08817914128303528,0.14133009314537048,0.12121187895536423,0.04921850562095642,nan,0.0,0.3827160596847534,0.0,0.0,0.0,0.3827160596847534,0.08817144483327866,0.08817914128303528,30.0,0.009999999776482582,0.019999999552965164,0.0,0.0,0.0,0.0,0.0,0.0,0.0,0.30000001192092896,30,,,,,,,,,,,,,
,92,,,,,,,,,,,,,,,,,,,,,,,,,,,31,0.08892848342657089,889.2848510742188,0.08892848342657089,0.10788219422101974,0.1009422242641449,0.04234945401549339,nan,0.0,0.3827160596847534,0.0,0.0,0.0,0.3827160596847534
0.01,93,,,,,,,,,,,,,,,,,,,,,,,,,,,,,,,,,,,,,,,,
,95,0.08834333717823029,883.433349609375,0.08834333717823029,0.13192933797836304,0.09247159957885742,0.04460885748267174,nan,0.0,0.395061731338501,0.0,0.0,0.0,0.395061731338501,0.08829177170991898,0.08834333717823029,31.0,0.009999999776482582,0.019999999552965164,0.0,0.0,0.0,0.0,0.0,0.0,0.0,0.30000001192092896,31,,,,,,,,,,,,,
,95,,,,,,,,,,,,,,,,,,,,,,,,,,,32,0.08840838819742203,884.083984375,0.08840838819742203,0.11402071267366409,0.09946712106466293,0.05300191044807434,nan,0.0,0.395061731338501,0.0,0.0,0.0,0.395061731338501
0.01,96,,,,,,,,,,,,,,,,,,,,,,,,,,,,,,,,,,,,,,,,
,98,0.08807991445064545,880.799072265625,0.08807991445064545,0.15263795852661133,0.12124810367822647,0.05201296880841255,nan,0.0,0.40740740299224854,0.0,0.0,0.0,0.40740740299224854,0.08814346790313721,0.08807991445064545,32.0,0.009999999776482582,0.019999999552965164,0.0,0.0,0.0,0.0,0.0,0.0,0.0,0.30000001192092896,32,,,,,,,,,,,,,
,98,,,,,,,,,,,,,,,,,,,,,,,,,,,33,0.08849022537469864,884.9022827148438,0.08849022537469864,0.12115496397018433,0.09988659620285034,0.053264472633600235,nan,0.0,0.40740740299224854,0.0,0.0,0.0,0.40740740299224854
0.01,99,,,,,,,,,,,,,,,,,,,,,,,,,,,,,,,,,,,,,,,,
,101,0.08794126659631729,879.4126586914062,0.08794126659631729,0.16286735236644745,0.12868370115756989,0.06300468742847443,nan,0.0,0.4197530746459961,0.0,0.0,0.0,0.4197530746459961,0.08800192922353745,0.08794126659631729,33.0,0.009999999776482582,0.019999999552965164,0.0,0.0,0.0,0.0,0.0,0.0,0.0,0.30000001192092896,33,,,,,,,,,,,,,
,101,,,,,,,,,,,,,,,,,,,,,,,,,,,34,0.08842172473669052,884.21728515625,0.08842172473669052,0.12677504122257233,0.1116943359375,0.056809619069099426,nan,0.0,0.4197530746459961,0.0,0.0,0.0,0.4197530746459961
0.01,102,,,,,,,,,,,,,,,,,,,,,,,,,,,,,,,,,,,,,,,,
,104,0.08793182671070099,879.3182983398438,0.08793182671070099,0.16469961404800415,0.12868276238441467,0.061527006328105927,nan,0.0,0.43209877610206604,0.0,0.0,0.0,0.43209877610206604,0.0879528596997261,0.08793182671070099,34.0,0.009999999776482582,0.019999999552965164,0.0,0.0,0.0,0.0,0.0,0.0,0.0,0.30000001192092896,34,,,,,,,,,,,,,
,104,,,,,,,,,,,,,,,,,,,,,,,,,,,35,0.08821830153465271,882.1830444335938,0.08821830153465271,0.13449355959892273,0.11350100487470627,0.06313466280698776,nan,0.0,0.43209877610206604,0.0,0.0,0.0,0.43209877610206604
0.01,105,,,,,,,,,,,,,,,,,,,,,,,,,,,,,,,,,,,,,,,,
,107,0.08787672966718674,878.7672729492188,0.08787672966718674,0.1697813719511032,0.13117659091949463,0.06418754905462265,nan,0.0,0.4444444477558136,0.0,0.0,0.0,0.4444444477558136,0.08789956569671631,0.08787672966718674,35.0,0.009999999776482582,0.019999999552965164,0.0,0.0,0.0,0.0,0.0,0.0,0.0,0.30000001192092896,35,,,,,,,,,,,,,
,107,,,,,,,,,,,,,,,,,,,,,,,,,,,36,0.0886470153927803,886.4701538085938,0.0886470153927803,0.13653604686260223,0.1151980385184288,0.06691496074199677,nan,0.0,0.4444444477558136,0.0,0.0,0.0,0.4444444477558136
0.01,108,,,,,,,,,,,,,,,,,,,,,,,,,,,,,,,,,,,,,,,,
,110,0.08786460012197495,878.6460571289062,0.08786460012197495,0.17010673880577087,0.13079392910003662,0.06726706773042679,nan,0.0,0.45679011940956116,0.0,0.0,0.0,0.45679011940956116,0.08787509053945541,0.08786460012197495,36.0,0.009999999776482582,0.019999999552965164,0.0,0.0,0.0,0.0,0.0,0.0,0.0,0.30000001192092896,36,,,,,,,,,,,,,
,110,,,,,,,,,,,,,,,,,,,,,,,,,,,37,0.08847195655107498,884.7195434570312,0.08847195655107498,0.14304585754871368,0.11999428272247314,0.06929563730955124,nan,0.0,0.45679011940956116,0.0,0.0,0.0,0.45679011940956116
0.01,111,,,,,,,,,,,,,,,,,,,,,,,,,,,,,,,,,,,,,,,,
,113,0.08781634271144867,878.1634521484375,0.08781634271144867,0.17338623106479645,0.13697069883346558,0.0691482350230217,nan,0.0,0.4691357910633087,0.0,0.0,0.0,0.4691357910633087,0.08783397078514099,0.08781634271144867,37.0,0.009999999776482582,0.019999999552965164,0.0,0.0,0.0,0.0,0.0,0.0,0.0,0.30000001192092896,37,,,,,,,,,,,,,
,113,,,,,,,,,,,,,,,,,,,,,,,,,,,38,0.08829331398010254,882.9331665039062,0.08829331398010254,0.1452655792236328,0.11950364708900452,0.07694739103317261,nan,0.0,0.4691357910633087,0.0,0.0,0.0,0.4691357910633087
0.01,114,,,,,,,,,,,,,,,,,,,,,,,,,,,,,,,,,,,,,,,,
,116,0.08778468519449234,877.8468627929688,0.08778468519449234,0.17695990204811096,0.1359693706035614,0.07077683508396149,nan,0.0,0.48148149251937866,0.0,0.0,0.0,0.48148149251937866,0.08779947459697723,0.08778468519449234,38.0,0.009999999776482582,0.019999999552965164,0.0,0.0,0.0,0.0,0.0,0.0,0.0,0.30000001192092896,38,,,,,,,,,,,,,
,116,,,,,,,,,,,,,,,,,,,,,,,,,,,39,0.0879601240158081,879.6011352539062,0.0879601240158081,0.14654429256916046,0.12262813001871109,0.08005738258361816,nan,0.0,0.4814814627170563,0.0,0.0,0.0,0.4814814627170563
0.01,117,,,,,,,,,,,,,,,,,,,,,,,,,,,,,,,,,,,,,,,,
,119,0.08774089813232422,877.4090576171875,0.08774089813232422,0.17953640222549438,0.13948161900043488,0.07509714365005493,nan,0.0,0.49382713437080383,0.0,0.0,0.0,0.49382713437080383,0.08775846660137177,0.08774089813232422,39.0,0.009999999776482582,0.019999999552965164,0.0,0.0,0.0,0.0,0.0,0.0,0.0,0.30000001192092896,39,,,,,,,,,,,,,
,119,,,,,,,,,,,,,,,,,,,,,,,,,,,40,0.08813884109258652,881.3883666992188,0.08813884109258652,0.14854715764522552,0.124112069606781,0.08405992388725281,nan,0.0,0.4938271939754486,0.0,0.0,0.0,0.4938271939754486
0.01,120,,,,,,,,,,,,,,,,,,,,,,,,,,,,,,,,,,,,,,,,
,122,0.08781655877828598,878.1655883789062,0.08781655877828598,0.17441637814044952,0.1333259642124176,0.06964417546987534,nan,0.0,0.5061728358268738,0.0,0.0,0.0,0.5061728358268738,0.08779913187026978,0.08781655877828598,40.0,0.009999999776482582,0.019999999552965164,0.0,0.0,0.0,0.0,0.0,0.0,0.0,0.30000001192092896,40,,,,,,,,,,,,,
,122,,,,,,,,,,,,,,,,,,,,,,,,,,,41,0.08809752017259598,880.9751586914062,0.08809752017259598,0.15208269655704498,0.12416691333055496,0.08421669155359268,nan,0.0,0.5061728358268738,0.0,0.0,0.0,0.5061728358268738
0.01,123,,,,,,,,,,,,,,,,,,,,,,,,,,,,,,,,,,,,,,,,
,125,0.08774186670780182,877.418701171875,0.08774186670780182,0.1800929307937622,0.13858996331691742,0.0741904154419899,nan,0.0,0.5185185074806213,0.0,0.0,0.0,0.5185185074806213,0.08775904774665833,0.08774186670780182,41.0,0.009999999776482582,0.019999999552965164,0.0,0.0,0.0,0.0,0.0,0.0,0.0,0.30000001192092896,41,,,,,,,,,,,,,
,125,,,,,,,,,,,,,,,,,,,,,,,,,,,42,0.08819989114999771,881.9989624023438,0.08819989114999771,0.14630408585071564,0.12471085786819458,0.07857587933540344,nan,0.0,0.5185185074806213,0.0,0.0,0.0,0.5185185074806213
0.01,126,,,,,,,,,,,,,,,,,,,,,,,,,,,,,,,,,,,,,,,,
,128,0.08776476234197617,877.6475830078125,0.08776476234197617,0.17917658388614655,0.1396765559911728,0.06860829144716263,nan,0.0,0.5308641791343689,0.0,0.0,0.0,0.5308641791343689,0.08776304870843887,0.08776476234197617,42.0,0.009999999776482582,0.019999999552965164,0.0,0.0,0.0,0.0,0.0,0.0,0.0,0.30000001192092896,42,,,,,,,,,,,,,
,128,,,,,,,,,,,,,,,,,,,,,,,,,,,43,0.08807965368032455,880.7965698242188,0.08807965368032455,0.14856432378292084,0.12172224372625351,0.08151019364595413,nan,0.0,0.5308641791343689,0.0,0.0,0.0,0.5308641791343689
0.01,129,,,,,,,,,,,,,,,,,,,,,,,,,,,,,,,,,,,,,,,,
,131,0.08766578137874603,876.6578979492188,0.08766578137874603,0.18588830530643463,0.1432315707206726,0.07939814776182175,nan,0.0,0.5432098507881165,0.0,0.0,0.0,0.5432098507881165,0.08769496530294418,0.08766578137874603,43.0,0.009999999776482582,0.019999999552965164,0.0,0.0,0.0,0.0,0.0,0.0,0.0,0.30000001192092896,43,,,,,,,,,,,,,
,131,,,,,,,,,,,,,,,,,,,,,,,,,,,44,0.0881749615073204,881.74951171875,0.0881749615073204,0.15012526512145996,0.12419702857732773,0.08571281284093857,nan,0.0,0.5432098507881165,0.0,0.0,0.0,0.5432098507881165
0.01,132,,,,,,,,,,,,,,,,,,,,,,,,,,,,,,,,,,,,,,,,
,134,0.08765263855457306,876.5263671875,0.08765263855457306,0.18892471492290497,0.14356347918510437,0.07623866945505142,nan,0.0,0.5555555820465088,0.0,0.0,0.0,0.5555555820465088,0.08766533434391022,0.08765263855457306,44.0,0.009999999776482582,0.019999999552965164,0.0,0.0,0.0,0.0,0.0,0.0,0.0,0.30000001192092896,44,,,,,,,,,,,,,
,134,,,,,,,,,,,,,,,,,,,,,,,,,,,45,0.0880679115653038,880.6791381835938,0.0880679115653038,0.15317898988723755,0.128881573677063,0.09075912833213806,nan,0.0,0.5555555820465088,0.0,0.0,0.0,0.5555555820465088
0.01,135,,,,,,,,,,,,,,,,,,,,,,,,,,,,,,,,,,,,,,,,
,137,0.08763883262872696,876.3883056640625,0.08763883262872696,0.19056348502635956,0.14210902154445648,0.0776866152882576,nan,0.0,0.5679012537002563,0.0,0.0,0.0,0.5679012537002563,0.08764678239822388,0.08763883262872696,45.0,0.009999999776482582,0.019999999552965164,0.0,0.0,0.0,0.0,0.0,0.0,0.0,0.30000001192092896,45,,,,,,,,,,,,,
,137,,,,,,,,,,,,,,,,,,,,,,,,,,,46,0.08794040232896805,879.404052734375,0.08794040232896805,0.15732485055923462,0.13387727737426758,0.0935940369963646,nan,0.0,0.5679012537002563,0.0,0.0,0.0,0.5679012537002563
0.01,138,,,,,,,,,,,,,,,,,,,,,,,,,,,,,,,,,,,,,,,,
,140,0.08760230988264084,876.0230712890625,0.08760230988264084,0.19363057613372803,0.14376693964004517,0.08009827882051468,nan,0.0,0.5802469253540039,0.0,0.0,0.0,0.5802469253540039,0.08761565387248993,0.08760230988264084,46.0,0.009999999776482582,0.019999999552965164,0.0,0.0,0.0,0.0,0.0,0.0,0.0,0.30000001192092896,46,,,,,,,,,,,,,
,140,,,,,,,,,,,,,,,,,,,,,,,,,,,47,0.088297039270401,882.9703979492188,0.088297039270401,0.16148270666599274,0.1314682513475418,0.09565576165914536,nan,0.0,0.5802469253540039,0.0,0.0,0.0,0.5802469253540039
0.01,141,,,,,,,,,,,,,,,,,,,,,,,,,,,,,,,,,,,,,,,,
,143,0.08763358741998672,876.3358154296875,0.08763358741998672,0.1906328797340393,0.13919293880462646,0.08133464306592941,nan,0.0,0.5925925970077515,0.0,0.0,0.0,0.5925925970077515,0.08762820810079575,0.08763358741998672,47.0,0.009999999776482582,0.019999999552965164,0.0,0.0,0.0,0.0,0.0,0.0,0.0,0.30000001192092896,47,,,,,,,,,,,,,
,143,,,,,,,,,,,,,,,,,,,,,,,,,,,48,0.0880420133471489,880.4201049804688,0.0880420133471489,0.16077546775341034,0.13324269652366638,0.10139736533164978,nan,0.0,0.5925925970077515,0.0,0.0,0.0,0.5925925970077515
0.01,144,,,,,,,,,,,,,,,,,,,,,,,,,,,,,,,,,,,,,,,,
,146,0.08760417997837067,876.0418701171875,0.08760417997837067,0.19489313662052155,0.14425334334373474,0.07638384401798248,nan,0.0,0.604938268661499,0.0,0.0,0.0,0.604938268661499,0.08761138468980789,0.08760417997837067,48.0,0.009999999776482582,0.019999999552965164,0.0,0.0,0.0,0.0,0.0,0.0,0.0,0.30000001192092896,48,,,,,,,,,,,,,
,146,,,,,,,,,,,,,,,,,,,,,,,,,,,49,0.08799475431442261,879.9475708007812,0.08799475431442261,0.1704518347978592,0.13960565626621246,0.1077551543712616,nan,0.0,0.604938268661499,0.0,0.0,0.0,0.604938268661499
0.01,147,,,,,,,,,,,,,,,,,,,,,,,,,,,,,,,,,,,,,,,,
,149,0.08759918808937073,875.9918823242188,0.08759918808937073,0.19301126897335052,0.14580631256103516,0.08099105954170227,nan,0.0,0.6172839403152466,0.0,0.0,0.0,0.6172839403152466,0.08760284632444382,0.08759918808937073,49.0,0.009999999776482582,0.019999999552965164,0.0,0.0,0.0,0.0,0.0,0.0,0.0,0.30000001192092896,49,,,,,,,,,,,,,
,149,,,,,,,,,,,,,,,,,,,,,,,,,,,50,0.08772537112236023,877.2537231445312,0.08772537112236023,0.1674322634935379,0.1372443288564682,0.10787501186132431,nan,0.0,0.6172839403152466,0.0,0.0,0.0,0.6172839403152466
0.01,150,,,,,,,,,,,,,,,,,,,,,,,,,,,,,,,,,,,,,,,,
,152,0.0875505805015564,875.5057983398438,0.0875505805015564,0.19682031869888306,0.1479962170124054,0.08473675698041916,nan,0.0,0.6296296119689941,0.0,0.0,0.0,0.6296296119689941,0.08756626397371292,0.0875505805015564,50.0,0.009999999776482582,0.019999999552965164,0.0,0.0,0.0,0.0,0.0,0.0,0.0,0.30000001192092896,50,,,,,,,,,,,,,
,152,,,,,,,,,,,,,,,,,,,,,,,,,,,51,0.087904192507267,879.0418090820312,0.087904192507267,0.16735780239105225,0.1396029144525528,0.10711938142776489,nan,0.0,0.6296296119689941,0.0,0.0,0.0,0.6296296119689941
0.01,153,,,,,,,,,,,,,,,,,,,,,,,,,,,,,,,,,,,,,,,,
,155,0.08758353441953659,875.8353881835938,0.08758353441953659,0.1944020390510559,0.14557525515556335,0.08248843252658844,nan,0.0,0.6419752836227417,0.0,0.0,0.0,0.6419752836227417,0.08757835626602173,0.08758353441953659,51.0,0.009999999776482582,0.019999999552965164,0.0,0.0,0.0,0.0,0.0,0.0,0.0,0.30000001192092896,51,,,,,,,,,,,,,
,155,,,,,,,,,,,,,,,,,,,,,,,,,,,52,0.08786023408174515,878.6023559570312,0.08786023408174515,0.1676124781370163,0.14049090445041656,0.10707765817642212,nan,0.0,0.6419752836227417,0.0,0.0,0.0,0.6419752836227417
0.01,156,,,,,,,,,,,,,,,,,,,,,,,,,,,,,,,,,,,,,,,,
,158,0.08751600235700607,875.1600341796875,0.08751600235700607,0.1997714340686798,0.15002921223640442,0.0863637700676918,nan,0.0,0.654321014881134,0.0,0.0,0.0,0.654321014881134,0.08753471076488495,0.08751600235700607,52.0,0.009999999776482582,0.019999999552965164,0.0,0.0,0.0,0.0,0.0,0.0,0.0,0.30000001192092896,52,,,,,,,,,,,,,
,158,,,,,,,,,,,,,,,,,,,,,,,,,,,53,0.08782470226287842,878.2468872070312,0.08782470226287842,0.16770295798778534,0.14250241219997406,0.10943455249071121,nan,0.0,0.654321014881134,0.0,0.0,0.0,0.654321014881134
0.01,159,,,,,,,,,,,,,,,,,,,,,,,,,,,,,,,,,,,,,,,,
,161,0.08751092106103897,875.1091918945312,0.08751092106103897,0.2000545710325241,0.1482507288455963,0.08844021707773209,nan,0.0,0.6666666865348816,0.0,0.0,0.0,0.6666666865348816,0.08751805871725082,0.08751092106103897,53.0,0.009999999776482582,0.019999999552965164,0.0,0.0,0.0,0.0,0.0,0.0,0.0,0.30000001192092896,53,,,,,,,,,,,,,
,161,,,,,,,,,,,,,,,,,,,,,,,,,,,54,0.08790107816457748,879.0109252929688,0.08790107816457748,0.17240919172763824,0.14174924790859222,0.11633613705635071,nan,0.0,0.6666666865348816,0.0,0.0,0.0,0.6666666865348816
0.01,162,,,,,,,,,,,,,,,,,,,,,,,,,,,,,,,,,,,,,,,,
,164,0.08749305456876755,874.9305419921875,0.08749305456876755,0.20180387794971466,0.14896345138549805,0.08920615166425705,nan,0.0,0.6790123581886292,0.0,0.0,0.0,0.6790123581886292,0.08750055730342865,0.08749305456876755,54.0,0.009999999776482582,0.019999999552965164,0.0,0.0,0.0,0.0,0.0,0.0,0.0,0.30000001192092896,54,,,,,,,,,,,,,
,164,,,,,,,,,,,,,,,,,,,,,,,,,,,55,0.08781809359788895,878.1809692382812,0.08781809359788895,0.17561690509319305,0.14802435040473938,0.12007678300142288,nan,0.0,0.6790123581886292,0.0,0.0,0.0,0.6790123581886292
0.01,165,,,,,,,,,,,,,,,,,,,,,,,,,,,,,,,,,,,,,,,,
,167,0.08743525296449661,874.3525390625,0.08743525296449661,0.20754270255565643,0.15340682864189148,0.08962646871805191,nan,0.0,0.6913580298423767,0.0,0.0,0.0,0.6913580298423767,0.08745484054088593,0.08743525296449661,55.0,0.009999999776482582,0.019999999552965164,0.0,0.0,0.0,0.0,0.0,0.0,0.0,0.30000001192092896,55,,,,,,,,,,,,,
,167,,,,,,,,,,,,,,,,,,,,,,,,,,,56,0.08775085210800171,877.5084838867188,0.08775085210800171,0.1805901676416397,0.15012207627296448,0.1289559006690979,nan,0.0,0.6913580298423767,0.0,0.0,0.0,0.6913580298423767
0.01,168,,,,,,,,,,,,,,,,,,,,,,,,,,,,,,,,,,,,,,,,
,170,0.08746104687452316,874.6104125976562,0.08746104687452316,0.20555195212364197,0.15238051116466522,0.08734028786420822,nan,0.0,0.7037037014961243,0.0,0.0,0.0,0.7037037014961243,0.08745918422937393,0.08746104687452316,56.0,0.009999999776482582,0.019999999552965164,0.0,0.0,0.0,0.0,0.0,0.0,0.0,0.30000001192092896,56,,,,,,,,,,,,,
,170,,,,,,,,,,,,,,,,,,,,,,,,,,,57,0.08772319555282593,877.23193359375,0.08772319555282593,0.18152211606502533,0.15426401793956757,0.13034255802631378,nan,0.0,0.7037037014961243,0.0,0.0,0.0,0.7037037014961243
0.01,171,,,,,,,,,,,,,,,,,,,,,,,,,,,,,,,,,,,,,,,,
,173,0.08742642402648926,874.2642211914062,0.08742642402648926,0.2080370932817459,0.1537162810564041,0.09072373062372208,nan,0.0,0.7160493731498718,0.0,0.0,0.0,0.7160493731498718,0.0874362513422966,0.08742642402648926,57.0,0.009999999776482582,0.019999999552965164,0.0,0.0,0.0,0.0,0.0,0.0,0.0,0.30000001192092896,57,,,,,,,,,,,,,
,173,,,,,,,,,,,,,,,,,,,,,,,,,,,58,0.08762320876121521,876.2321166992188,0.08762320876121521,0.1828966587781906,0.15217453241348267,0.1283939629793167,nan,0.0,0.7160493731498718,0.0,0.0,0.0,0.7160493731498718
0.01,174,,,,,,,,,,,,,,,,,,,,,,,,,,,,,,,,,,,,,,,,
,176,0.08741269260644913,874.1268920898438,0.08741269260644913,0.21050548553466797,0.1532905250787735,0.0895625427365303,nan,0.0,0.7283950448036194,0.0,0.0,0.0,0.7283950448036194,0.08741976320743561,0.08741269260644913,58.0,0.009999999776482582,0.019999999552965164,0.0,0.0,0.0,0.0,0.0,0.0,0.0,0.30000001192092896,58,,,,,,,,,,,,,
,176,,,,,,,,,,,,,,,,,,,,,,,,,,,59,0.08749973773956299,874.997314453125,0.08749973773956299,0.1843842715024948,0.15290042757987976,0.1302064061164856,nan,0.0,0.7283950448036194,0.0,0.0,0.0,0.7283950448036194
0.01,177,,,,,,,,,,,,,,,,,,,,,,,,,,,,,,,,,,,,,,,,
,179,0.0874442383646965,874.4424438476562,0.0874442383646965,0.20841051638126373,0.1483624130487442,0.08881700038909912,nan,0.0,0.7407407164573669,0.0,0.0,0.0,0.7407407164573669,0.08743689954280853,0.0874442383646965,59.0,0.009999999776482582,0.019999999552965164,0.0,0.0,0.0,0.0,0.0,0.0,0.0,0.30000001192092896,59,,,,,,,,,,,,,
,179,,,,,,,,,,,,,,,,,,,,,,,,,,,60,0.08754774928092957,875.4775390625,0.08754774928092957,0.1886189728975296,0.15660643577575684,0.1381881684064865,nan,0.0,0.7407407164573669,0.0,0.0,0.0,0.7407407164573669
0.01,180,,,,,,,,,,,,,,,,,,,,,,,,,,,,,,,,,,,,,,,,
,182,0.08738820999860764,873.8821411132812,0.08738820999860764,0.21365119516849518,0.15387313067913055,0.08904584497213364,nan,0.0,0.7530864477157593,0.0,0.0,0.0,0.7530864477157593,0.0874028205871582,0.08738820999860764,60.0,0.009999999776482582,0.019999999552965164,0.0,0.0,0.0,0.0,0.0,0.0,0.0,0.30000001192092896,60,,,,,,,,,,,,,
,182,,,,,,,,,,,,,,,,,,,,,,,,,,,61,0.0875134989619255,875.1349487304688,0.0875134989619255,0.18845993280410767,0.15825170278549194,0.13575799763202667,nan,0.0,0.7530863881111145,0.0,0.0,0.0,0.7530863881111145
0.01,183,,,,,,,,,,,,,,,,,,,,,,,,,,,,,,,,,,,,,,,,
,185,0.08741806447505951,874.1806640625,0.08741806447505951,0.21420492231845856,0.15573382377624512,0.0772622749209404,nan,0.0,0.7654321193695068,0.0,0.0,0.0,0.7654321193695068,0.087413489818573,0.08741806447505951,61.0,0.009999999776482582,0.019999999552965164,0.0,0.0,0.0,0.0,0.0,0.0,0.0,0.30000001192092896,61,,,,,,,,,,,,,
,185,,,,,,,,,,,,,,,,,,,,,,,,,,,62,0.08733364939689636,873.3364868164062,0.08733364939689636,0.19142693281173706,0.15674827992916107,0.13858698308467865,nan,0.0,0.7654321193695068,0.0,0.0,0.0,0.7654321193695068
0.01,186,,,,,,,,,,,,,,,,,,,,,,,,,,,,,,,,,,,,,,,,
,188,0.08748447895050049,874.8447875976562,0.08748447895050049,0.2075476497411728,0.1481456607580185,0.07898698002099991,nan,0.0,0.7777777910232544,0.0,0.0,0.0,0.7777777910232544,0.08746318519115448,0.08748447895050049,62.0,0.009999999776482582,0.019999999552965164,0.0,0.0,0.0,0.0,0.0,0.0,0.0,0.30000001192092896,62,,,,,,,,,,,,,
,188,,,,,,,,,,,,,,,,,,,,,,,,,,,63,0.08767998218536377,876.7998046875,0.08767998218536377,0.18731684982776642,0.1578248292207718,0.11961788684129715,nan,0.0,0.7777778506278992,0.0,0.0,0.0,0.7777778506278992
0.01,189,,,,,,,,,,,,,,,,,,,,,,,,,,,,,,,,,,,,,,,,
,191,0.08739987015724182,873.9986572265625,0.08739987015724182,0.21516816318035126,0.15622535347938538,0.08041509985923767,nan,0.0,0.790123462677002,0.0,0.0,0.0,0.790123462677002,0.08741886913776398,0.08739987015724182,63.0,0.009999999776482582,0.019999999552965164,0.0,0.0,0.0,0.0,0.0,0.0,0.0,0.30000001192092896,63,,,,,,,,,,,,,
,191,,,,,,,,,,,,,,,,,,,,,,,,,,,64,0.08770984411239624,877.098388671875,0.08770984411239624,0.18675269186496735,0.15867465734481812,0.13959981501102448,nan,0.0,0.790123462677002,0.0,0.0,0.0,0.790123462677002
0.01,192,,,,,,,,,,,,,,,,,,,,,,,,,,,,,,,,,,,,,,,,
,194,0.08741284161806107,874.12841796875,0.08741284161806107,0.21462970972061157,0.15099741518497467,0.08171922713518143,nan,0.0,0.8024691343307495,0.0,0.0,0.0,0.8024691343307495,0.08741465210914612,0.08741284161806107,64.0,0.009999999776482582,0.019999999552965164,0.0,0.0,0.0,0.0,0.0,0.0,0.0,0.30000001192092896,64,,,,,,,,,,,,,
,194,,,,,,,,,,,,,,,,,,,,,,,,,,,65,0.08735472708940506,873.54736328125,0.08735472708940506,0.19182926416397095,0.1607096940279007,0.1370798498392105,nan,0.0,0.8024690747261047,0.0,0.0,0.0,0.8024690747261047
0.01,195,,,,,,,,,,,,,,,,,,,,,,,,,,,,,,,,,,,,,,,,
,197,0.08737167716026306,873.716796875,0.08737167716026306,0.2150951325893402,0.15447376668453217,0.08987409621477127,nan,0.0,0.8148148059844971,0.0,0.0,0.0,0.8148148059844971,0.08738456666469574,0.08737167716026306,65.0,0.009999999776482582,0.019999999552965164,0.0,0.0,0.0,0.0,0.0,0.0,0.0,0.30000001192092896,65,,,,,,,,,,,,,
,197,,,,,,,,,,,,,,,,,,,,,,,,,,,66,0.08747360855340958,874.736083984375,0.08747360855340958,0.19272033870220184,0.16030271351337433,0.14436453580856323,nan,0.0,0.8148148059844971,0.0,0.0,0.0,0.8148148059844971
0.01,198,,,,,,,,,,,,,,,,,,,,,,,,,,,,,,,,,,,,,,,,
,200,0.08744645118713379,874.464599609375,0.08744645118713379,0.21210671961307526,0.14880913496017456,0.07950226962566376,nan,0.0,0.8271604776382446,0.0,0.0,0.0,0.8271604776382446,0.08742788434028625,0.08744645118713379,66.0,0.009999999776482582,0.019999999552965164,0.0,0.0,0.0,0.0,0.0,0.0,0.0,0.30000001192092896,66,,,,,,,,,,,,,
,200,,,,,,,,,,,,,,,,,,,,,,,,,,,67,0.08755463361740112,875.54638671875,0.08755463361740112,0.19443494081497192,0.1639144867658615,0.14696049690246582,nan,0.0,0.8271605372428894,0.0,0.0,0.0,0.8271605372428894
0.01,201,,,,,,,,,,,,,,,,,,,,,,,,,,,,,,,,,,,,,,,,
,203,0.0875009298324585,875.00927734375,0.0875009298324585,0.20847102999687195,0.14751386642456055,0.07298150658607483,nan,0.0,0.8395061492919922,0.0,0.0,0.0,0.8395061492919922,0.08747901767492294,0.0875009298324585,67.0,0.009999999776482582,0.019999999552965164,0.0,0.0,0.0,0.0,0.0,0.0,0.0,0.30000001192092896,67,,,,,,,,,,,,,
,203,,,,,,,,,,,,,,,,,,,,,,,,,,,68,0.08742158859968185,874.2158203125,0.08742158859968185,0.1943424940109253,0.1624942570924759,0.15103578567504883,nan,0.0,0.8395061492919922,0.0,0.0,0.0,0.8395061492919922
0.01,204,,,,,,,,,,,,,,,,,,,,,,,,,,,,,,,,,,,,,,,,
,206,0.08740835636854172,874.0836181640625,0.08740835636854172,0.21683582663536072,0.1546270102262497,0.07548514008522034,nan,0.0,0.8518518805503845,0.0,0.0,0.0,0.8518518805503845,0.08742955327033997,0.08740835636854172,68.0,0.009999999776482582,0.019999999552965164,0.0,0.0,0.0,0.0,0.0,0.0,0.0,0.30000001192092896,68,,,,,,,,,,,,,
,206,,,,,,,,,,,,,,,,,,,,,,,,,,,69,0.08750215172767639,875.0215454101562,0.08750215172767639,0.19151969254016876,0.1645253300666809,0.14087826013565063,nan,0.0,0.8518518805503845,0.0,0.0,0.0,0.8518518805503845
0.01,207,,,,,,,,,,,,,,,,,,,,,,,,,,,,,,,,,,,,,,,,
,209,0.08739294111728668,873.9293823242188,0.08739294111728668,0.2135803997516632,0.15221013128757477,0.08890776336193085,nan,0.0,0.8641975522041321,0.0,0.0,0.0,0.8641975522041321,0.08740392327308655,0.08739294111728668,69.0,0.009999999776482582,0.019999999552965164,0.0,0.0,0.0,0.0,0.0,0.0,0.0,0.30000001192092896,69,,,,,,,,,,,,,
,209,,,,,,,,,,,,,,,,,,,,,,,,,,,70,0.0872485339641571,872.4853515625,0.0872485339641571,0.1953100562095642,0.16245846450328827,0.1427990049123764,nan,0.0,0.8641975522041321,0.0,0.0,0.0,0.8641975522041321
0.01,210,,,,,,,,,,,,,,,,,,,,,,,,,,,,,,,,,,,,,,,,
,212,0.08733847737312317,873.384765625,0.08733847737312317,0.2192796766757965,0.1531485617160797,0.09100915491580963,nan,0.0,0.8765432238578796,0.0,0.0,0.0,0.8765432238578796,0.08735811710357666,0.08733847737312317,70.0,0.009999999776482582,0.019999999552965164,0.0,0.0,0.0,0.0,0.0,0.0,0.0,0.30000001192092896,70,,,,,,,,,,,,,
,212,,,,,,,,,,,,,,,,,,,,,,,,,,,71,0.08737186342477798,873.7185668945312,0.08737186342477798,0.19600270688533783,0.16769194602966309,0.15241511166095734,nan,0.0,0.8765432238578796,0.0,0.0,0.0,0.8765432238578796
0.01,213,,,,,,,,,,,,,,,,,,,,,,,,,,,,,,,,,,,,,,,,
,215,0.08733981102705002,873.3980712890625,0.08733981102705002,0.21713432669639587,0.15543538331985474,0.09380169957876205,nan,0.0,0.8888888955116272,0.0,0.0,0.0,0.8888888955116272,0.08734530210494995,0.08733981102705002,71.0,0.009999999776482582,0.019999999552965164,0.0,0.0,0.0,0.0,0.0,0.0,0.0,0.30000001192092896,71,,,,,,,,,,,,,
,215,,,,,,,,,,,,,,,,,,,,,,,,,,,72,0.08735335618257523,873.5336303710938,0.08735335618257523,0.20097029209136963,0.17060525715351105,0.15767891705036163,nan,0.0,0.8888888955116272,0.0,0.0,0.0,0.8888888955116272
0.01,216,,,,,,,,,,,,,,,,,,,,,,,,,,,,,,,,,,,,,,,,
,218,0.08726339787244797,872.6339721679688,0.08726339787244797,0.22491554915905,0.15662863850593567,0.0973070040345192,nan,0.0,0.9012345671653748,0.0,0.0,0.0,0.9012345671653748,0.08728796988725662,0.08726339787244797,72.0,0.009999999776482582,0.019999999552965164,0.0,0.0,0.0,0.0,0.0,0.0,0.0,0.30000001192092896,72,,,,,,,,,,,,,
,218,,,,,,,,,,,,,,,,,,,,,,,,,,,73,0.08725803345441818,872.5802612304688,0.08725803345441818,0.20197385549545288,0.17295561730861664,0.15870417654514313,nan,0.0,0.9012345671653748,0.0,0.0,0.0,0.9012345671653748
0.01,219,,,,,,,,,,,,,,,,,,,,,,,,,,,,,,,,,,,,,,,,
,221,0.08721428364515305,872.1428833007812,0.08721428364515305,0.22779245674610138,0.16471688449382782,0.09872541576623917,nan,0.0,0.9135802388191223,0.0,0.0,0.0,0.9135802388191223,0.08723638951778412,0.08721428364515305,73.0,0.009999999776482582,0.019999999552965164,0.0,0.0,0.0,0.0,0.0,0.0,0.0,0.30000001192092896,73,,,,,,,,,,,,,
,221,,,,,,,,,,,,,,,,,,,,,,,,,,,74,0.08753304928541183,875.3305053710938,0.08753304928541183,0.20618836581707,0.17502601444721222,0.16189604997634888,nan,0.0,0.9135802388191223,0.0,0.0,0.0,0.9135802388191223
0.01,222,,,,,,,,,,,,,,,,,,,,,,,,,,,,,,,,,,,,,,,,
,224,0.08721111714839935,872.1111450195312,0.08721111714839935,0.2296263426542282,0.1640738546848297,0.09617394208908081,nan,0.0,0.9259259104728699,0.0,0.0,0.0,0.9259259104728699,0.08721870183944702,0.08721111714839935,74.0,0.009999999776482582,0.019999999552965164,0.0,0.0,0.0,0.0,0.0,0.0,0.0,0.30000001192092896,74,,,,,,,,,,,,,
,224,,,,,,,,,,,,,,,,,,,,,,,,,,,75,0.08712556213140488,871.255615234375,0.08712556213140488,0.2067204862833023,0.17483170330524445,0.16368572413921356,nan,0.0,0.9259259104728699,0.0,0.0,0.0,0.9259259104728699
0.01,225,,,,,,,,,,,,,,,,,,,,,,,,,,,,,,,,,,,,,,,,
,227,0.08727195113897324,872.7194213867188,0.08727195113897324,0.22609201073646545,0.15866287052631378,0.09058550745248795,nan,0.0,0.9382715821266174,0.0,0.0,0.0,0.9382715821266174,0.08725597709417343,0.08727195113897324,75.0,0.009999999776482582,0.019999999552965164,0.0,0.0,0.0,0.0,0.0,0.0,0.0,0.30000001192092896,75,,,,,,,,,,,,,
,227,,,,,,,,,,,,,,,,,,,,,,,,,,,76,0.08712995052337646,871.2993774414062,0.08712995052337646,0.2067374736070633,0.17997075617313385,0.16208478808403015,nan,0.0,0.9382715821266174,0.0,0.0,0.0,0.9382715821266174
0.01,228,,,,,,,,,,,,,,,,,,,,,,,,,,,,,,,,,,,,,,,,
,230,0.08721373230218887,872.1373901367188,0.08721373230218887,0.22922854125499725,0.16467298567295074,0.09587999433279037,nan,0.0,0.9506173729896545,0.0,0.0,0.0,0.9506173729896545,0.08722640573978424,0.08721373230218887,76.0,0.009999999776482582,0.019999999552965164,0.0,0.0,0.0,0.0,0.0,0.0,0.0,0.30000001192092896,76,,,,,,,,,,,,,
,230,,,,,,,,,,,,,,,,,,,,,,,,,,,77,0.08712168782949448,871.216796875,0.08712168782949448,0.20907656848430634,0.17872639000415802,0.16477273404598236,nan,0.0,0.9506173133850098,0.0,0.0,0.0,0.9506173133850098
0.01,231,,,,,,,,,,,,,,,,,,,,,,,,,,,,,,,,,,,,,,,,
,233,0.08723167330026627,872.316650390625,0.08723167330026627,0.23013249039649963,0.1632946878671646,0.08929792046546936,nan,0.0,0.9629629850387573,0.0,0.0,0.0,0.9629629850387573,0.08723009377717972,0.08723167330026627,77.0,0.009999999776482582,0.019999999552965164,0.0,0.0,0.0,0.0,0.0,0.0,0.0,0.30000001192092896,77,,,,,,,,,,,,,
,233,,,,,,,,,,,,,,,,,,,,,,,,,,,78,0.08745715767145157,874.5715942382812,0.08745715767145157,0.21114027500152588,0.18161006271839142,0.1690617799758911,nan,0.0,0.9629629254341125,0.0,0.0,0.0,0.9629629254341125
0.01,234,,,,,,,,,,,,,,,,,,,,,,,,,,,,,,,,,,,,,,,,
,236,0.08722582459449768,872.2582397460938,0.08722582459449768,0.22893905639648438,0.1610807180404663,0.09569907933473587,nan,0.0,0.9753086566925049,0.0,0.0,0.0,0.9753086566925049,0.08722710609436035,0.08722582459449768,78.0,0.009999999776482582,0.019999999552965164,0.0,0.0,0.0,0.0,0.0,0.0,0.0,0.30000001192092896,78,,,,,,,,,,,,,
,236,,,,,,,,,,,,,,,,,,,,,,,,,,,79,0.0871700718998909,871.70068359375,0.0871700718998909,0.21041198074817657,0.18173380196094513,0.16519246995449066,nan,0.0,0.9753086566925049,0.0,0.0,0.0,0.9753086566925049
0.01,237,,,,,,,,,,,,,,,,,,,,,,,,,,,,,,,,,,,,,,,,
,239,0.08720660954713821,872.0660400390625,0.08720660954713821,0.22859065234661102,0.16474907100200653,0.09924708306789398,nan,0.0,0.9876542687416077,0.0,0.0,0.0,0.9876542687416077,0.08721275627613068,0.08720660954713821,79.0,0.009999999776482582,0.019999999552965164,0.0,0.0,0.0,0.0,0.0,0.0,0.0,0.30000001192092896,79,,,,,,,,,,,,,
,239,,,,,,,,,,,,,,,,,,,,,,,,,,,80,0.08734011650085449,873.4011840820312,0.08734011650085449,0.21227629482746124,0.18434207141399384,0.16456004977226257,nan,0.0,0.9876543879508972,0.0,0.0,0.0,0.9876543879508972
0.01,240,,,,,,,,,,,,,,,,,,,,,,,,,,,,,,,,,,,,,,,,
,242,0.08717141300439835,871.7140502929688,0.08717141300439835,0.23257645964622498,0.16559842228889465,0.09957849234342575,nan,0.0,1.0,0.0,0.0,0.0,1.0,0.08718381822109222,0.08717141300439835,80.0,0.009999999776482582,0.019999999552965164,0.0,0.0,0.0,0.0,0.0,0.0,0.0,0.30000001192092896,80,,,,,,,,,,,,,
,242,,,,,,,,,,,,,,,,,,,,,,,,,,,81,0.08741643279790878,874.164306640625,0.08741643279790878,0.2122986763715744,0.18608374893665314,0.17043055593967438,nan,0.0,1.0,0.0,0.0,0.0,1.0
0.01,243,,,,,,,,,,,,,,,,,,,,,,,,,,,,,,,,,,,,,,,,
,245,0.08714151382446289,871.4151611328125,0.08714151382446289,0.23410587012767792,0.16945843398571014,0.10222160816192627,nan,0.0,1.0,0.0,0.0,0.0,1.0,0.08715420216321945,0.08714151382446289,81.0,0.009999999776482582,0.019999999552965164,0.0,0.0,0.0,0.0,0.0,0.0,0.0,0.30000001192092896,81,,,,,,,,,,,,,
,245,,,,,,,,,,,,,,,,,,,,,,,,,,,82,0.08702028542757034,870.202880859375,0.08702028542757034,0.20803801715373993,0.18290381133556366,0.1691240519285202,nan,0.0,1.0,0.0,0.0,0.0,1.0
0.01,246,,,,,,,,,,,,,,,,,,,,,,,,,,,,,,,,,,,,,,,,
,248,0.08716534078121185,871.6534423828125,0.08716534078121185,0.23414742946624756,0.1686575710773468,0.09571213275194168,nan,0.0,1.0,0.0,0.0,0.0,1.0,0.08716199547052383,0.08716534078121185,82.0,0.009999999776482582,0.019999999552965164,0.0,0.0,0.0,0.0,0.0,0.0,0.0,0.30000001192092896,82,,,,,,,,,,,,,
,248,,,,,,,,,,,,,,,,,,,,,,,,,,,83,0.08707794547080994,870.7794799804688,0.08707794547080994,0.21464192867279053,0.1892879456281662,0.17321626842021942,nan,0.0,1.0,0.0,0.0,0.0,1.0
0.01,249,,,,,,,,,,,,,,,,,,,,,,,,,,,,,,,,,,,,,,,,
,251,0.08715007454156876,871.5006713867188,0.08715007454156876,0.23480099439620972,0.16866333782672882,0.09838848561048508,nan,0.0,1.0,0.0,0.0,0.0,1.0,0.08715365082025528,0.08715007454156876,83.0,0.009999999776482582,0.019999999552965164,0.0,0.0,0.0,0.0,0.0,0.0,0.0,0.30000001192092896,83,,,,,,,,,,,,,
,251,,,,,,,,,,,,,,,,,,,,,,,,,,,84,0.0873698815703392,873.69873046875,0.0873698815703392,0.21128088235855103,0.1902201771736145,0.17696881294250488,nan,0.0,1.0,0.0,0.0,0.0,1.0
0.01,252,,,,,,,,,,,,,,,,,,,,,,,,,,,,,,,,,,,,,,,,
,254,0.08718143403530121,871.8143310546875,0.08718143403530121,0.23414993286132812,0.16895230114459991,0.09062371402978897,nan,0.0,1.0,0.0,0.0,0.0,1.0,0.08717309683561325,0.08718143403530121,84.0,0.009999999776482582,0.019999999552965164,0.0,0.0,0.0,0.0,0.0,0.0,0.0,0.30000001192092896,84,,,,,,,,,,,,,
,254,,,,,,,,,,,,,,,,,,,,,,,,,,,85,0.0872521921992302,872.52197265625,0.0872521921992302,0.21549208462238312,0.1913042813539505,0.1731894165277481,nan,0.0,1.0,0.0,0.0,0.0,1.0
0.01,255,,,,,,,,,,,,,,,,,,,,,,,,,,,,,,,,,,,,,,,,
,257,0.08719523251056671,871.952392578125,0.08719523251056671,0.23183709383010864,0.1664530634880066,0.09411685168743134,nan,0.0,1.0,0.0,0.0,0.0,1.0,0.08718859404325485,0.08719523251056671,85.0,0.009999999776482582,0.019999999552965164,0.0,0.0,0.0,0.0,0.0,0.0,0.0,0.30000001192092896,85,,,,,,,,,,,,,
,257,,,,,,,,,,,,,,,,,,,,,,,,,,,86,0.08697208017110825,869.7208862304688,0.08697208017110825,0.21548420190811157,0.1925821453332901,0.1746070832014084,nan,0.0,1.0,0.0,0.0,0.0,1.0
0.01,258,,,,,,,,,,,,,,,,,,,,,,,,,,,,,,,,,,,,,,,,
,260,0.08715708553791046,871.5708618164062,0.08715708553791046,0.234104722738266,0.16856849193572998,0.09827245771884918,nan,0.0,1.0,0.0,0.0,0.0,1.0,0.08716654032468796,0.08715708553791046,86.0,0.009999999776482582,0.019999999552965164,0.0,0.0,0.0,0.0,0.0,0.0,0.0,0.30000001192092896,86,,,,,,,,,,,,,
,260,,,,,,,,,,,,,,,,,,,,,,,,,,,87,0.0868716910481453,868.7169799804688,0.0868716910481453,0.21182091534137726,0.19429588317871094,0.18101847171783447,nan,0.0,1.0,0.0,0.0,0.0,1.0
0.01,261,,,,,,,,,,,,,,,,,,,,,,,,,,,,,,,,,,,,,,,,
,263,0.08718518912792206,871.8519287109375,0.08718518912792206,0.23245562613010406,0.16592495143413544,0.09596405178308487,nan,0.0,1.0,0.0,0.0,0.0,1.0,0.08717959374189377,0.08718518912792206,87.0,0.009999999776482582,0.019999999552965164,0.0,0.0,0.0,0.0,0.0,0.0,0.0,0.30000001192092896,87,,,,,,,,,,,,,
,263,,,,,,,,,,,,,,,,,,,,,,,,,,,88,0.08705367892980576,870.5368041992188,0.08705367892980576,0.2192109227180481,0.19820481538772583,0.18155241012573242,nan,0.0,1.0,0.0,0.0,0.0,1.0
0.01,264,,,,,,,,,,,,,,,,,,,,,,,,,,,,,,,,,,,,,,,,
,266,0.08715429902076721,871.54296875,0.08715429902076721,0.23349745571613312,0.16806627810001373,0.10072342306375504,nan,0.0,1.0,0.0,0.0,0.0,1.0,0.08716189116239548,0.08715429902076721,88.0,0.009999999776482582,0.019999999552965164,0.0,0.0,0.0,0.0,0.0,0.0,0.0,0.30000001192092896,88,,,,,,,,,,,,,
,266,,,,,,,,,,,,,,,,,,,,,,,,,,,89,0.08720263838768005,872.0263061523438,0.08720263838768005,0.21817278861999512,0.20220714807510376,0.18480587005615234,nan,0.0,1.0,0.0,0.0,0.0,1.0
0.01,267,,,,,,,,,,,,,,,,,,,,,,,,,,,,,,,,,,,,,,,,
,269,0.08712046593427658,871.2047119140625,0.08712046593427658,0.23625953495502472,0.16929186880588531,0.1032724380493164,nan,0.0,1.0,0.0,0.0,0.0,1.0,0.08713289350271225,0.08712046593427658,89.0,0.009999999776482582,0.019999999552965164,0.0,0.0,0.0,0.0,0.0,0.0,0.0,0.30000001192092896,89,,,,,,,,,,,,,
,269,,,,,,,,,,,,,,,,,,,,,,,,,,,90,0.08690568059682846,869.0567016601562,0.08690568059682846,0.22005021572113037,0.19966179132461548,0.18702779710292816,nan,0.0,1.0,0.0,0.0,0.0,1.0
0.01,270,,,,,,,,,,,,,,,,,,,,,,,,,,,,,,,,,,,,,,,,
,272,0.08715935796499252,871.5935668945312,0.08715935796499252,0.23669511079788208,0.16258330643177032,0.09601898491382599,nan,0.0,1.0,0.0,0.0,0.0,1.0,0.0871514156460762,0.08715935796499252,90.0,0.009999999776482582,0.019999999552965164,0.0,0.0,0.0,0.0,0.0,0.0,0.0,0.30000001192092896,90,,,,,,,,,,,,,
,272,,,,,,,,,,,,,,,,,,,,,,,,,,,91,0.08663352578878403,866.3352661132812,0.08663352578878403,0.21673749387264252,0.19797112047672272,0.18337558209896088,nan,0.0,1.0,0.0,0.0,0.0,1.0
0.01,273,,,,,,,,,,,,,,,,,,,,,,,,,,,,,,,,,,,,,,,,
,275,0.08723919838666916,872.3920288085938,0.08723919838666916,0.2278285175561905,0.1618087887763977,0.09402299672365189,nan,0.0,1.0,0.0,0.0,0.0,1.0,0.08721286803483963,0.08723919838666916,91.0,0.009999999776482582,0.019999999552965164,0.0,0.0,0.0,0.0,0.0,0.0,0.0,0.30000001192092896,91,,,,,,,,,,,,,
,275,,,,,,,,,,,,,,,,,,,,,,,,,,,92,0.08699462562799454,869.9462890625,0.08699462562799454,0.22316284477710724,0.20320768654346466,0.1845911741256714,nan,0.0,1.0,0.0,0.0,0.0,1.0
0.01,276,,,,,,,,,,,,,,,,,,,,,,,,,,,,,,,,,,,,,,,,
,278,0.08707566559314728,870.756591796875,0.08707566559314728,0.24083641171455383,0.1718079000711441,0.10395439714193344,nan,0.0,1.0,0.0,0.0,0.0,1.0,0.08711682260036469,0.08707566559314728,92.0,0.009999999776482582,0.019999999552965164,0.0,0.0,0.0,0.0,0.0,0.0,0.0,0.30000001192092896,92,,,,,,,,,,,,,
,278,,,,,,,,,,,,,,,,,,,,,,,,,,,93,0.0871601477265358,871.6015014648438,0.0871601477265358,0.2195006161928177,0.20168597996234894,0.18375380337238312,nan,0.0,1.0,0.0,0.0,0.0,1.0
0.01,279,,,,,,,,,,,,,,,,,,,,,,,,,,,,,,,,,,,,,,,,
,281,0.08729317784309387,872.9318237304688,0.08729317784309387,0.2270253598690033,0.1574804037809372,0.08344987034797668,nan,0.0,1.0,0.0,0.0,0.0,1.0,0.08724027127027512,0.08729317784309387,93.0,0.009999999776482582,0.019999999552965164,0.0,0.0,0.0,0.0,0.0,0.0,0.0,0.30000001192092896,93,,,,,,,,,,,,,
,281,,,,,,,,,,,,,,,,,,,,,,,,,,,94,0.08720529079437256,872.052978515625,0.08720529079437256,0.2194882482290268,0.2027013897895813,0.18415671586990356,nan,0.0,1.0,0.0,0.0,0.0,1.0
0.01,282,,,,,,,,,,,,,,,,,,,,,,,,,,,,,,,,,,,,,,,,
,284,0.0871884822845459,871.8848266601562,0.0871884822845459,0.23475517332553864,0.16804009675979614,0.08822628855705261,nan,0.0,1.0,0.0,0.0,0.0,1.0,0.08720402419567108,0.0871884822845459,94.0,0.009999999776482582,0.019999999552965164,0.0,0.0,0.0,0.0,0.0,0.0,0.0,0.30000001192092896,94,,,,,,,,,,,,,
,284,,,,,,,,,,,,,,,,,,,,,,,,,,,95,0.08707865327596664,870.7864379882812,0.08707865327596664,0.2198159247636795,0.20190535485744476,0.17779110372066498,nan,0.0,1.0,0.0,0.0,0.0,1.0
0.01,285,,,,,,,,,,,,,,,,,,,,,,,,,,,,,,,,,,,,,,,,
,287,0.08715970069169998,871.5969848632812,0.08715970069169998,0.23658691346645355,0.16200438141822815,0.09666917473077774,nan,0.0,1.0,0.0,0.0,0.0,1.0,0.08717299997806549,0.08715970069169998,95.0,0.009999999776482582,0.019999999552965164,0.0,0.0,0.0,0.0,0.0,0.0,0.0,0.30000001192092896,95,,,,,,,,,,,,,
,287,,,,,,,,,,,,,,,,,,,,,,,,,,,96,0.08711398392915726,871.1398315429688,0.08711398392915726,0.2219727486371994,0.20782792568206787,0.18464058637619019,nan,0.0,1.0,0.0,0.0,0.0,1.0
0.01,288,,,,,,,,,,,,,,,,,,,,,,,,,,,,,,,,,,,,,,,,
,290,0.08714374899864197,871.4375610351562,0.08714374899864197,0.23582835495471954,0.16628198325634003,0.09985645115375519,nan,0.0,1.0,0.0,0.0,0.0,1.0,0.08715252578258514,0.08714374899864197,96.0,0.009999999776482582,0.019999999552965164,0.0,0.0,0.0,0.0,0.0,0.0,0.0,0.30000001192092896,96,,,,,,,,,,,,,
,290,,,,,,,,,,,,,,,,,,,,,,,,,,,97,0.08733765035867691,873.37646484375,0.08733765035867691,0.21923069655895233,0.20145325362682343,0.18383274972438812,nan,0.0,1.0,0.0,0.0,0.0,1.0
0.01,291,,,,,,,,,,,,,,,,,,,,,,,,,,,,,,,,,,,,,,,,
,293,0.08713506162166595,871.3506469726562,0.08713506162166595,0.23665904998779297,0.17004773020744324,0.09776122868061066,nan,0.0,1.0,0.0,0.0,0.0,1.0,0.08714029937982559,0.08713506162166595,97.0,0.009999999776482582,0.019999999552965164,0.0,0.0,0.0,0.0,0.0,0.0,0.0,0.30000001192092896,97,,,,,,,,,,,,,
,293,,,,,,,,,,,,,,,,,,,,,,,,,,,98,0.08704054355621338,870.4054565429688,0.08704054355621338,0.21965204179286957,0.20778332650661469,0.18947583436965942,nan,0.0,1.0,0.0,0.0,0.0,1.0
0.01,294,,,,,,,,,,,,,,,,,,,,,,,,,,,,,,,,,,,,,,,,
,296,0.08715596050024033,871.5596923828125,0.08715596050024033,0.23565778136253357,0.16253706812858582,0.09936118125915527,nan,0.0,1.0,0.0,0.0,0.0,1.0,0.08715125918388367,0.08715596050024033,98.0,0.009999999776482582,0.019999999552965164,0.0,0.0,0.0,0.0,0.0,0.0,0.0,0.30000001192092896,98,,,,,,,,,,,,,
,296,,,,,,,,,,,,,,,,,,,,,,,,,,,99,0.08706096559762955,870.6096801757812,0.08706096559762955,0.22208411991596222,0.20777885615825653,0.1927085518836975,nan,0.0,1.0,0.0,0.0,0.0,1.0
0.01,297,,,,,,,,,,,,,,,,,,,,,,,,,,,,,,,,,,,,,,,,
,299,0.08713968098163605,871.3967895507812,0.08713968098163605,0.23699451982975006,0.16937415301799774,0.09582161903381348,nan,0.0,1.0,0.0,0.0,0.0,1.0,0.08714315295219421,0.08713968098163605,99.0,0.009999999776482582,0.019999999552965164,0.0,0.0,0.0,0.0,0.0,0.0,0.0,0.30000001192092896,99,,,,,,,,,,,,,
,299,,,,,,,,,,,,,,,,,,,,,,,,,,,100,0.086800716817379,868.0071411132812,0.086800716817379,0.2229936569929123,0.20797298848628998,0.19068489968776703,nan,0.0,1.0,0.0,0.0,0.0,1.0
0.0095,300,,,,,,,,,,,,,,,,,,,,,,,,,,,,,,,,,,,,,,,,
,302,0.08712946623563766,871.294677734375,0.08712946623563766,0.23677091300487518,0.16925030946731567,0.09946142882108688,nan,0.0,1.0,0.0,0.0,0.0,1.0,0.08713357150554657,0.08712946623563766,100.0,0.009999999776482582,0.019999999552965164,0.0,0.0,0.0,0.0,0.0,0.0,0.0,0.30000001192092896,100,,,,,,,,,,,,,
,302,,,,,,,,,,,,,,,,,,,,,,,,,,,101,0.08709428459405899,870.94287109375,0.08709428459405899,0.2247859388589859,0.21079592406749725,0.18928350508213043,nan,0.0,1.0,0.0,0.0,0.0,1.0
0.0095,303,,,,,,,,,,,,,,,,,,,,,,,,,,,,,,,,,,,,,,,,
,305,0.08708181232213974,870.818115234375,0.08708181232213974,0.2411581575870514,0.1684097796678543,0.10373885184526443,nan,0.0,1.0,0.0,0.0,0.0,1.0,0.08709733933210373,0.08708181232213974,101.0,0.009999999776482582,0.019999999552965164,0.0,0.0,0.0,0.0,0.0,0.0,0.0,0.30000001192092896,101,,,,,,,,,,,,,
,305,,,,,,,,,,,,,,,,,,,,,,,,,,,102,0.0868430808186531,868.4308471679688,0.0868430808186531,0.22483515739440918,0.21049495041370392,0.19380468130111694,nan,0.0,1.0,0.0,0.0,0.0,1.0
0.0095,306,,,,,,,,,,,,,,,,,,,,,,,,,,,,,,,,,,,,,,,,
,308,0.08710918575525284,871.0918579101562,0.08710918575525284,0.24114933609962463,0.16445161402225494,0.09882477670907974,nan,0.0,1.0,0.0,0.0,0.0,1.0,0.0871056318283081,0.08710918575525284,102.0,0.009999999776482582,0.019999999552965164,0.0,0.0,0.0,0.0,0.0,0.0,0.0,0.30000001192092896,102,,,,,,,,,,,,,
,308,,,,,,,,,,,,,,,,,,,,,,,,,,,103,0.08684966713190079,868.4966430664062,0.08684966713190079,0.22910480201244354,0.2155429720878601,0.19836564362049103,nan,0.0,1.0,0.0,0.0,0.0,1.0
0.0095,309,,,,,,,,,,,,,,,,,,,,,,,,,,,,,,,,,,,,,,,,
,311,0.08706603944301605,870.6603393554688,0.08706603944301605,0.244438037276268,0.16924871504306793,0.10040126740932465,nan,0.0,1.0,0.0,0.0,0.0,1.0,0.08707791566848755,0.08706603944301605,103.0,0.009999999776482582,0.019999999552965164,0.0,0.0,0.0,0.0,0.0,0.0,0.0,0.30000001192092896,103,,,,,,,,,,,,,
,311,,,,,,,,,,,,,,,,,,,,,,,,,,,104,0.08707469701766968,870.7470092773438,0.08707469701766968,0.22964273393154144,0.21847517788410187,0.19988779723644257,nan,0.0,1.0,0.0,0.0,0.0,1.0
0.0095,312,,,,,,,,,,,,,,,,,,,,,,,,,,,,,,,,,,,,,,,,
,314,0.08710037171840668,871.0037841796875,0.08710037171840668,0.2405354529619217,0.1661359667778015,0.10155467689037323,nan,0.0,1.0,0.0,0.0,0.0,1.0,0.08709363639354706,0.08710037171840668,104.0,0.009999999776482582,0.019999999552965164,0.0,0.0,0.0,0.0,0.0,0.0,0.0,0.30000001192092896,104,,,,,,,,,,,,,
,314,,,,,,,,,,,,,,,,,,,,,,,,,,,105,0.08677148073911667,867.7147827148438,0.08677148073911667,0.2273523062467575,0.21581034362316132,0.1977279633283615,nan,0.0,1.0,0.0,0.0,0.0,1.0
0.0095,315,,,,,,,,,,,,,,,,,,,,,,,,,,,,,,,,,,,,,,,,
,317,0.08711878210306168,871.1878662109375,0.08711878210306168,0.23987412452697754,0.16759665310382843,0.09691502898931503,nan,0.0,1.0,0.0,0.0,0.0,1.0,0.08711124211549759,0.08711878210306168,105.0,0.009999999776482582,0.019999999552965164,0.0,0.0,0.0,0.0,0.0,0.0,0.0,0.30000001192092896,105,,,,,,,,,,,,,
,317,,,,,,,,,,,,,,,,,,,,,,,,,,,106,0.0870315432548523,870.3154296875,0.0870315432548523,0.2260601967573166,0.21795278787612915,0.19951306283473969,nan,0.0,1.0,0.0,0.0,0.0,1.0
0.0095,318,,,,,,,,,,,,,,,,,,,,,,,,,,,,,,,,,,,,,,,,
,320,0.08716318011283875,871.6318359375,0.08716318011283875,0.23837602138519287,0.1614789068698883,0.09191866964101791,nan,0.0,1.0,0.0,0.0,0.0,1.0,0.08714759349822998,0.08716318011283875,106.0,0.009999999776482582,0.019999999552965164,0.0,0.0,0.0,0.0,0.0,0.0,0.0,0.30000001192092896,106,,,,,,,,,,,,,
,320,,,,,,,,,,,,,,,,,,,,,,,,,,,107,0.08704152703285217,870.415283203125,0.08704152703285217,0.22785240411758423,0.22215600311756134,0.2035454660654068,nan,0.0,1.0,0.0,0.0,0.0,1.0
0.0095,321,,,,,,,,,,,,,,,,,,,,,,,,,,,,,,,,,,,,,,,,
,323,0.08709409087896347,870.9408569335938,0.08709409087896347,0.24165117740631104,0.16966985166072845,0.09846871346235275,nan,0.0,1.0,0.0,0.0,0.0,1.0,0.08711013942956924,0.08709409087896347,107.0,0.009999999776482582,0.019999999552965164,0.0,0.0,0.0,0.0,0.0,0.0,0.0,0.30000001192092896,107,,,,,,,,,,,,,
,323,,,,,,,,,,,,,,,,,,,,,,,,,,,108,0.08668158203363419,866.8158569335938,0.08668158203363419,0.22898916900157928,0.22346806526184082,0.2032196968793869,nan,0.0,1.0,0.0,0.0,0.0,1.0
0.0095,324,,,,,,,,,,,,,,,,,,,,,,,,,,,,,,,,,,,,,,,,
,326,0.08711781352758408,871.1781005859375,0.08711781352758408,0.23874036967754364,0.16797690093517303,0.09929663687944412,nan,0.0,1.0,0.0,0.0,0.0,1.0,0.08711551129817963,0.08711781352758408,108.0,0.009999999776482582,0.019999999552965164,0.0,0.0,0.0,0.0,0.0,0.0,0.0,0.30000001192092896,108,,,,,,,,,,,,,
,326,,,,,,,,,,,,,,,,,,,,,,,,,,,109,0.08669749647378922,866.9749145507812,0.08669749647378922,0.22958822548389435,0.22010307013988495,0.20447181165218353,nan,0.0,1.0,0.0,0.0,0.0,1.0
0.0095,327,,,,,,,,,,,,,,,,,,,,,,,,,,,,,,,,,,,,,,,,
,329,0.08704964816570282,870.4964599609375,0.08704964816570282,0.24689136445522308,0.16832131147384644,0.10013656318187714,nan,0.0,1.0,0.0,0.0,0.0,1.0,0.08706940710544586,0.08704964816570282,109.0,0.009999999776482582,0.019999999552965164,0.0,0.0,0.0,0.0,0.0,0.0,0.0,0.30000001192092896,109,,,,,,,,,,,,,
,329,,,,,,,,,,,,,,,,,,,,,,,,,,,110,0.08686894178390503,868.689453125,0.08686894178390503,0.23185504972934723,0.22386334836483002,0.20669835805892944,nan,0.0,1.0,0.0,0.0,0.0,1.0
0.0095,330,,,,,,,,,,,,,,,,,,,,,,,,,,,,,,,,,,,,,,,,
,332,0.08709331601858139,870.9331665039062,0.08709331601858139,0.24184906482696533,0.1674749255180359,0.09984561055898666,nan,0.0,1.0,0.0,0.0,0.0,1.0,0.08708614110946655,0.08709331601858139,110.0,0.009999999776482582,0.019999999552965164,0.0,0.0,0.0,0.0,0.0,0.0,0.0,0.30000001192092896,110,,,,,,,,,,,,,
,332,,,,,,,,,,,,,,,,,,,,,,,,,,,111,0.08677423000335693,867.7422485351562,0.08677423000335693,0.2316245287656784,0.22156542539596558,0.2071511596441269,nan,0.0,1.0,0.0,0.0,0.0,1.0
0.0095,333,,,,,,,,,,,,,,,,,,,,,,,,,,,,,,,,,,,,,,,,
,335,0.08708170056343079,870.8169555664062,0.08708170056343079,0.24413904547691345,0.16493761539459229,0.09959816932678223,nan,0.0,1.0,0.0,0.0,0.0,1.0,0.08708303421735764,0.08708170056343079,111.0,0.009999999776482582,0.019999999552965164,0.0,0.0,0.0,0.0,0.0,0.0,0.0,0.30000001192092896,111,,,,,,,,,,,,,
,335,,,,,,,,,,,,,,,,,,,,,,,,,,,112,0.08675110340118408,867.510986328125,0.08675110340118408,0.23192769289016724,0.22366690635681152,0.2078898400068283,nan,0.0,1.0,0.0,0.0,0.0,1.0
0.0095,336,,,,,,,,,,,,,,,,,,,,,,,,,,,,,,,,,,,,,,,,
,338,0.08714289963245392,871.4290771484375,0.08714289963245392,0.23893778026103973,0.16100716590881348,0.0968356505036354,nan,0.0,1.0,0.0,0.0,0.0,1.0,0.08712494373321533,0.08714289963245392,112.0,0.009999999776482582,0.019999999552965164,0.0,0.0,0.0,0.0,0.0,0.0,0.0,0.30000001192092896,112,,,,,,,,,,,,,
,338,,,,,,,,,,,,,,,,,,,,,,,,,,,113,0.08671104907989502,867.1105346679688,0.08671104907989502,0.23322434723377228,0.22679640352725983,0.21234732866287231,nan,0.0,1.0,0.0,0.0,0.0,1.0
0.0095,339,,,,,,,,,,,,,,,,,,,,,,,,,,,,,,,,,,,,,,,,
,341,0.08716312795877457,871.6312255859375,0.08716312795877457,0.2379692643880844,0.1647808849811554,0.0906955748796463,nan,0.0,1.0,0.0,0.0,0.0,1.0,0.0871516764163971,0.08716312795877457,113.0,0.009999999776482582,0.019999999552965164,0.0,0.0,0.0,0.0,0.0,0.0,0.0,0.30000001192092896,113,,,,,,,,,,,,,
,341,,,,,,,,,,,,,,,,,,,,,,,,,,,114,0.0866844579577446,866.8445434570312,0.0866844579577446,0.23248745501041412,0.22708137333393097,0.21328870952129364,nan,0.0,1.0,0.0,0.0,0.0,1.0
0.0095,342,,,,,,,,,,,,,,,,,,,,,,,,,,,,,,,,,,,,,,,,
,344,0.08709144592285156,870.9144287109375,0.08709144592285156,0.2430991232395172,0.16631194949150085,0.09830351918935776,nan,0.0,1.0,0.0,0.0,0.0,1.0,0.0871095135807991,0.08709144592285156,114.0,0.009999999776482582,0.019999999552965164,0.0,0.0,0.0,0.0,0.0,0.0,0.0,0.30000001192092896,114,,,,,,,,,,,,,
,344,,,,,,,,,,,,,,,,,,,,,,,,,,,115,0.08675476908683777,867.5476684570312,0.08675476908683777,0.23554374277591705,0.23230953514575958,0.214591383934021,nan,0.0,1.0,0.0,0.0,0.0,1.0
0.0095,345,,,,,,,,,,,,,,,,,,,,,,,,,,,,,,,,,,,,,,,,
,347,0.08710865676403046,871.0865478515625,0.08710865676403046,0.24187308549880981,0.16281387209892273,0.09876298159360886,nan,0.0,1.0,0.0,0.0,0.0,1.0,0.08710891008377075,0.08710865676403046,115.0,0.009999999776482582,0.019999999552965164,0.0,0.0,0.0,0.0,0.0,0.0,0.0,0.30000001192092896,115,,,,,,,,,,,,,
,347,,,,,,,,,,,,,,,,,,,,,,,,,,,116,0.08668140321969986,866.8140258789062,0.08668140321969986,0.23397882282733917,0.2362041026353836,0.21302597224712372,nan,0.0,1.0,0.0,0.0,0.0,1.0
0.0095,348,,,,,,,,,,,,,,,,,,,,,,,,,,,,,,,,,,,,,,,,
,350,0.08701452612876892,870.145263671875,0.08701452612876892,0.24877463281154633,0.17111055552959442,0.10404066741466522,nan,0.0,1.0,0.0,0.0,0.0,1.0,0.08704284578561783,0.08701452612876892,116.0,0.009999999776482582,0.019999999552965164,0.0,0.0,0.0,0.0,0.0,0.0,0.0,0.30000001192092896,116,,,,,,,,,,,,,
,350,,,,,,,,,,,,,,,,,,,,,,,,,,,117,0.08671059459447861,867.1058959960938,0.08671059459447861,0.2348756343126297,0.23522676527500153,0.2131277322769165,nan,0.0,1.0,0.0,0.0,0.0,1.0
0.0095,351,,,,,,,,,,,,,,,,,,,,,,,,,,,,,,,,,,,,,,,,
,353,0.08710002899169922,871.000244140625,0.08710002899169922,0.24262619018554688,0.16254478693008423,0.09944329410791397,nan,0.0,1.0,0.0,0.0,0.0,1.0,0.0870828777551651,0.08710002899169922,117.0,0.009999999776482582,0.019999999552965164,0.0,0.0,0.0,0.0,0.0,0.0,0.0,0.30000001192092896,117,,,,,,,,,,,,,
,353,,,,,,,,,,,,,,,,,,,,,,,,,,,118,0.0866699293255806,866.6992797851562,0.0866699293255806,0.23819619417190552,0.23575188219547272,0.21333515644073486,nan,0.0,1.0,0.0,0.0,0.0,1.0
0.0095,354,,,,,,,,,,,,,,,,,,,,,,,,,,,,,,,,,,,,,,,,
,356,0.08706106245517731,870.610595703125,0.08706106245517731,0.2447700798511505,0.1659996062517166,0.10350818186998367,nan,0.0,1.0,0.0,0.0,0.0,1.0,0.0870676040649414,0.08706106245517731,118.0,0.009999999776482582,0.019999999552965164,0.0,0.0,0.0,0.0,0.0,0.0,0.0,0.30000001192092896,118,,,,,,,,,,,,,
,356,,,,,,,,,,,,,,,,,,,,,,,,,,,119,0.08680787682533264,868.0787963867188,0.08680787682533264,0.23371076583862305,0.23233884572982788,0.2139710932970047,nan,0.0,1.0,0.0,0.0,0.0,1.0
0.0095,357,,,,,,,,,,,,,,,,,,,,,,,,,,,,,,,,,,,,,,,,
,359,0.08714517205953598,871.45166015625,0.08714517205953598,0.24202091991901398,0.16470088064670563,0.086605504155159,nan,0.0,1.0,0.0,0.0,0.0,1.0,0.08712190389633179,0.08714517205953598,119.0,0.009999999776482582,0.019999999552965164,0.0,0.0,0.0,0.0,0.0,0.0,0.0,0.30000001192092896,119,,,,,,,,,,,,,
,359,,,,,,,,,,,,,,,,,,,,,,,,,,,120,0.08679672330617905,867.96728515625,0.08679672330617905,0.2289515882730484,0.22846265137195587,0.2066929191350937,nan,0.0,1.0,0.0,0.0,0.0,1.0
0.0095,360,,,,,,,,,,,,,,,,,,,,,,,,,,,,,,,,,,,,,,,,
,362,0.08728484064340591,872.8484497070312,0.08728484064340591,0.23441803455352783,0.1519048660993576,0.07321891188621521,nan,0.0,1.0,0.0,0.0,0.0,1.0,0.0872359573841095,0.08728484064340591,120.0,0.009999999776482582,0.019999999552965164,0.0,0.0,0.0,0.0,0.0,0.0,0.0,0.30000001192092896,120,,,,,,,,,,,,,
,362,,,,,,,,,,,,,,,,,,,,,,,,,,,121,0.08673214167356491,867.3213500976562,0.08673214167356491,0.23130370676517487,0.23054637014865875,0.20926247537136078,nan,0.0,1.0,0.0,0.0,0.0,1.0
0.0095,363,,,,,,,,,,,,,,,,,,,,,,,,,,,,,,,,,,,,,,,,
,365,0.08720193058252335,872.0193481445312,0.08720193058252335,0.236493781208992,0.161534383893013,0.08511938154697418,nan,0.0,1.0,0.0,0.0,0.0,1.0,0.08721213787794113,0.08720193058252335,121.0,0.009999999776482582,0.019999999552965164,0.0,0.0,0.0,0.0,0.0,0.0,0.0,0.30000001192092896,121,,,,,,,,,,,,,
,365,,,,,,,,,,,,,,,,,,,,,,,,,,,122,0.08677687495946884,867.7687377929688,0.08677687495946884,0.23342736065387726,0.235345721244812,0.1972486823797226,nan,0.0,1.0,0.0,0.0,0.0,1.0
0.0095,366,,,,,,,,,,,,,,,,,,,,,,,,,,,,,,,,,,,,,,,,
,368,0.08712582290172577,871.2582397460938,0.08712582290172577,0.2405531406402588,0.163313090801239,0.0964033380150795,nan,0.0,1.0,0.0,0.0,0.0,1.0,0.08715172111988068,0.08712582290172577,122.0,0.009999999776482582,0.019999999552965164,0.0,0.0,0.0,0.0,0.0,0.0,0.0,0.30000001192092896,122,,,,,,,,,,,,,
,368,,,,,,,,,,,,,,,,,,,,,,,,,,,123,0.08690694719552994,869.0695190429688,0.08690694719552994,0.23100678622722626,0.23563049733638763,0.20445828139781952,nan,0.0,1.0,0.0,0.0,0.0,1.0
0.0095,369,,,,,,,,,,,,,,,,,,,,,,,,,,,,,,,,,,,,,,,,
,371,0.08722158521413803,872.2158813476562,0.08722158521413803,0.23705820739269257,0.1577218621969223,0.08053243905305862,nan,0.0,1.0,0.0,0.0,0.0,1.0,0.08720062673091888,0.08722158521413803,123.0,0.009999999776482582,0.019999999552965164,0.0,0.0,0.0,0.0,0.0,0.0,0.0,0.30000001192092896,123,,,,,,,,,,,,,
,371,,,,,,,,,,,,,,,,,,,,,,,,,,,124,0.08680987358093262,868.0986938476562,0.08680987358093262,0.23048798739910126,0.2332482933998108,0.20731021463871002,nan,0.0,1.0,0.0,0.0,0.0,1.0
0.009025,372,,,,,,,,,,,,,,,,,,,,,,,,,,,,,,,,,,,,,,,,
,374,0.0870792493224144,870.79248046875,0.0870792493224144,0.24665196239948273,0.16558004915714264,0.09436719119548798,nan,0.0,1.0,0.0,0.0,0.0,1.0,0.08711566030979156,0.0870792493224144,124.0,0.009999999776482582,0.019999999552965164,0.0,0.0,0.0,0.0,0.0,0.0,0.0,0.30000001192092896,124,,,,,,,,,,,,,
,374,,,,,,,,,,,,,,,,,,,,,,,,,,,125,0.08688715100288391,868.87158203125,0.08688715100288391,0.2320215106010437,0.23605991899967194,0.21133673191070557,nan,0.0,1.0,0.0,0.0,0.0,1.0
0.009025,375,,,,,,,,,,,,,,,,,,,,,,,,,,,,,,,,,,,,,,,,
,377,0.08709078282117844,870.9078369140625,0.08709078282117844,0.24337288737297058,0.1666153073310852,0.0976552963256836,nan,0.0,1.0,0.0,0.0,0.0,1.0,0.08709824830293655,0.08709078282117844,125.0,0.009999999776482582,0.019999999552965164,0.0,0.0,0.0,0.0,0.0,0.0,0.0,0.30000001192092896,125,,,,,,,,,,,,,
,377,,,,,,,,,,,,,,,,,,,,,,,,,,,126,0.08697231858968735,869.72314453125,0.08697231858968735,0.2382001280784607,0.23817364871501923,0.21740375459194183,nan,0.0,1.0,0.0,0.0,0.0,1.0
0.009025,378,,,,,,,,,,,,,,,,,,,,,,,,,,,,,,,,,,,,,,,,
,380,0.08712460100650787,871.2459716796875,0.08712460100650787,0.24113832414150238,0.1634400188922882,0.09518606215715408,nan,0.0,1.0,0.0,0.0,0.0,1.0,0.08711669594049454,0.08712460100650787,126.0,0.009999999776482582,0.019999999552965164,0.0,0.0,0.0,0.0,0.0,0.0,0.0,0.30000001192092896,126,,,,,,,,,,,,,
,380,,,,,,,,,,,,,,,,,,,,,,,,,,,127,0.08626667410135269,862.6668090820312,0.08626667410135269,0.23846937716007233,0.24173904955387115,0.2199142575263977,nan,0.0,1.0,0.0,0.0,0.0,1.0
0.009025,381,,,,,,,,,,,,,,,,,,,,,,,,,,,,,,,,,,,,,,,,
,383,0.08706583082675934,870.6582641601562,0.08706583082675934,0.24528345465660095,0.16687791049480438,0.10037174075841904,nan,0.0,1.0,0.0,0.0,0.0,1.0,0.08708108961582184,0.08706583082675934,127.0,0.009999999776482582,0.019999999552965164,0.0,0.0,0.0,0.0,0.0,0.0,0.0,0.30000001192092896,127,,,,,,,,,,,,,
,383,,,,,,,,,,,,,,,,,,,,,,,,,,,128,0.08677330613136292,867.7330932617188,0.08677330613136292,0.23583383858203888,0.24242742359638214,0.22078967094421387,nan,0.0,1.0,0.0,0.0,0.0,1.0
0.009025,384,,,,,,,,,,,,,,,,,,,,,,,,,,,,,,,,,,,,,,,,
,386,0.08709927648305893,870.9927368164062,0.08709927648305893,0.24373172223567963,0.16596798598766327,0.09502817690372467,nan,0.0,1.0,0.0,0.0,0.0,1.0,0.08709382265806198,0.08709927648305893,128.0,0.009999999776482582,0.019999999552965164,0.0,0.0,0.0,0.0,0.0,0.0,0.0,0.30000001192092896,128,,,,,,,,,,,,,
,386,,,,,,,,,,,,,,,,,,,,,,,,,,,129,0.0865989550948143,865.989501953125,0.0865989550948143,0.23845171928405762,0.23936980962753296,0.2211294323205948,nan,0.0,1.0,0.0,0.0,0.0,1.0
0.009025,387,,,,,,,,,,,,,,,,,,,,,,,,,,,,,,,,,,,,,,,,
,389,0.08711498230695724,871.1498413085938,0.08711498230695724,0.24324540793895721,0.1639283299446106,0.09284120053052902,nan,0.0,1.0,0.0,0.0,0.0,1.0,0.08710863441228867,0.08711498230695724,129.0,0.009999999776482582,0.019999999552965164,0.0,0.0,0.0,0.0,0.0,0.0,0.0,0.30000001192092896,129,,,,,,,,,,,,,
,389,,,,,,,,,,,,,,,,,,,,,,,,,,,130,0.0867990031838417,867.9900512695312,0.0867990031838417,0.23897598683834076,0.24470336735248566,0.22547028958797455,nan,0.0,1.0,0.0,0.0,0.0,1.0
0.009025,390,,,,,,,,,,,,,,,,,,,,,,,,,,,,,,,,,,,,,,,,
,392,0.08706162869930267,870.6163330078125,0.08706162869930267,0.2481493353843689,0.16475746035575867,0.09670743346214294,nan,0.0,1.0,0.0,0.0,0.0,1.0,0.08707572519779205,0.08706162869930267,130.0,0.009999999776482582,0.019999999552965164,0.0,0.0,0.0,0.0,0.0,0.0,0.0,0.30000001192092896,130,,,,,,,,,,,,,
,392,,,,,,,,,,,,,,,,,,,,,,,,,,,131,0.08671892434358597,867.1892700195312,0.08671892434358597,0.2411167174577713,0.24937546253204346,0.22296464443206787,nan,0.0,1.0,0.0,0.0,0.0,1.0
0.00857375,393,,,,,,,,,,,,,,,,,,,,,,,,,,,,,,,,,,,,,,,,
,395,0.08704797178506851,870.4796752929688,0.08704797178506851,0.2497727870941162,0.16791129112243652,0.09457479417324066,nan,0.0,1.0,0.0,0.0,0.0,1.0,0.08705629408359528,0.08704797178506851,131.0,0.009999999776482582,0.019999999552965164,0.0,0.0,0.0,0.0,0.0,0.0,0.0,0.30000001192092896,131,,,,,,,,,,,,,
,395,,,,,,,,,,,,,,,,,,,,,,,,,,,132,0.08636348694562912,863.634765625,0.08636348694562912,0.241666778922081,0.24674610793590546,0.22340035438537598,nan,0.0,1.0,0.0,0.0,0.0,1.0
0.00857375,396,,,,,,,,,,,,,,,,,,,,,,,,,,,,,,,,,,,,,,,,
,398,0.08707121759653091,870.7122802734375,0.08707121759653091,0.24684812128543854,0.1621219515800476,0.09863044321537018,nan,0.0,1.0,0.0,0.0,0.0,1.0,0.08706673979759216,0.08707121759653091,132.0,0.009999999776482582,0.019999999552965164,0.0,0.0,0.0,0.0,0.0,0.0,0.0,0.30000001192092896,132,,,,,,,,,,,,,
,398,,,,,,,,,,,,,,,,,,,,,,,,,,,133,0.0865676999092102,865.677001953125,0.0865676999092102,0.2428121715784073,0.24868370592594147,0.22342725098133087,nan,0.0,1.0,0.0,0.0,0.0,1.0
0.00857375,399,,,,,,,,,,,,,,,,,,,,,,,,,,,,,,,,,,,,,,,,
,401,0.08708100765943527,870.81005859375,0.08708100765943527,0.24628329277038574,0.16669774055480957,0.09386147558689117,nan,0.0,1.0,0.0,0.0,0.0,1.0,0.08707673102617264,0.08708100765943527,133.0,0.009999999776482582,0.019999999552965164,0.0,0.0,0.0,0.0,0.0,0.0,0.0,0.30000001192092896,133,,,,,,,,,,,,,
,401,,,,,,,,,,,,,,,,,,,,,,,,,,,134,0.08681239932775497,868.1240234375,0.08681239932775497,0.24206401407718658,0.2549268901348114,0.23152287304401398,nan,0.0,1.0,0.0,0.0,0.0,1.0
0.00857375,402,,,,,,,,,,,,,,,,,,,,,,,,,,,,,,,,,,,,,,,,
,404,0.08705519139766693,870.5518798828125,0.08705519139766693,0.24954000115394592,0.16705383360385895,0.0937541276216507,nan,0.0,1.0,0.0,0.0,0.0,1.0,0.08706165850162506,0.08705519139766693,134.0,0.009999999776482582,0.019999999552965164,0.0,0.0,0.0,0.0,0.0,0.0,0.0,0.30000001192092896,134,,,,,,,,,,,,,
,404,,,,,,,,,,,,,,,,,,,,,,,,,,,135,0.08650588989257812,865.0588989257812,0.08650588989257812,0.24241586029529572,0.25310084223747253,0.229345440864563,nan,0.0,1.0,0.0,0.0,0.0,1.0
0.00857375,405,,,,,,,,,,,,,,,,,,,,,,,,,,,,,,,,,,,,,,,,
,407,0.08705839514732361,870.583984375,0.08705839514732361,0.2476978451013565,0.16685090959072113,0.09707986563444138,nan,0.0,1.0,0.0,0.0,0.0,1.0,0.0870593786239624,0.08705839514732361,135.0,0.009999999776482582,0.019999999552965164,0.0,0.0,0.0,0.0,0.0,0.0,0.0,0.30000001192092896,135,,,,,,,,,,,,,
,407,,,,,,,,,,,,,,,,,,,,,,,,,,,136,0.08651632070541382,865.1632690429688,0.08651632070541382,0.24403810501098633,0.25536754727363586,0.22792796790599823,nan,0.0,1.0,0.0,0.0,0.0,1.0
0.00857375,408,,,,,,,,,,,,,,,,,,,,,,,,,,,,,,,,,,,,,,,,
,410,0.08708004653453827,870.8004760742188,0.08708004653453827,0.24830825626850128,0.16370892524719238,0.09181691706180573,nan,0.0,1.0,0.0,0.0,0.0,1.0,0.08707384765148163,0.08708004653453827,136.0,0.009999999776482582,0.019999999552965164,0.0,0.0,0.0,0.0,0.0,0.0,0.0,0.30000001192092896,136,,,,,,,,,,,,,
,410,,,,,,,,,,,,,,,,,,,,,,,,,,,137,0.08669024705886841,866.9025268554688,0.08669024705886841,0.24467945098876953,0.2601569592952728,0.2313196063041687,nan,0.0,1.0,0.0,0.0,0.0,1.0
0.00857375,411,,,,,,,,,,,,,,,,,,,,,,,,,,,,,,,,,,,,,,,,
,413,0.08704018592834473,870.4019165039062,0.08704018592834473,0.25221607089042664,0.16732101142406464,0.09165122359991074,nan,0.0,1.0,0.0,0.0,0.0,1.0,0.08705028146505356,0.08704018592834473,137.0,0.009999999776482582,0.019999999552965164,0.0,0.0,0.0,0.0,0.0,0.0,0.0,0.30000001192092896,137,,,,,,,,,,,,,
,413,,,,,,,,,,,,,,,,,,,,,,,,,,,138,0.08629284054040909,862.9284057617188,0.08629284054040909,0.24667732417583466,0.25664022564888,0.2308637648820877,nan,0.0,1.0,0.0,0.0,0.0,1.0
0.0081450625,414,,,,,,,,,,,,,,,,,,,,,,,,,,,,,,,,,,,,,,,,
,416,0.08704531937837601,870.453125,0.08704531937837601,0.2485562413930893,0.16863277554512024,0.0975232794880867,nan,0.0,1.0,0.0,0.0,0.0,1.0,0.08704680949449539,0.08704531937837601,138.0,0.009999999776482582,0.019999999552965164,0.0,0.0,0.0,0.0,0.0,0.0,0.0,0.30000001192092896,138,,,,,,,,,,,,,
,416,,,,,,,,,,,,,,,,,,,,,,,,,,,139,0.08659199625253677,865.9201049804688,0.08659199625253677,0.24584759771823883,0.2618614435195923,0.23183758556842804,nan,0.0,1.0,0.0,0.0,0.0,1.0
0.0081450625,417,,,,,,,,,,,,,,,,,,,,,,,,,,,,,,,,,,,,,,,,
,419,0.08705394715070724,870.5394897460938,0.08705394715070724,0.250089168548584,0.16383887827396393,0.09507709741592407,nan,0.0,1.0,0.0,0.0,0.0,1.0,0.08705180883407593,0.08705394715070724,139.0,0.009999999776482582,0.019999999552965164,0.0,0.0,0.0,0.0,0.0,0.0,0.0,0.30000001192092896,139,,,,,,,,,,,,,
,419,,,,,,,,,,,,,,,,,,,,,,,,,,,140,0.08620183914899826,862.0183715820312,0.08620183914899826,0.24355489015579224,0.2598777115345001,0.23129646480083466,nan,0.0,1.0,0.0,0.0,0.0,1.0
0.0081450625,420,,,,,,,,,,,,,,,,,,,,,,,,,,,,,,,,,,,,,,,,
,422,0.08703801780939102,870.3801879882812,0.08703801780939102,0.2506135404109955,0.16936390101909637,0.09432582557201385,nan,0.0,1.0,0.0,0.0,0.0,1.0,0.08704215288162231,0.08703801780939102,140.0,0.009999999776482582,0.019999999552965164,0.0,0.0,0.0,0.0,0.0,0.0,0.0,0.30000001192092896,140,,,,,,,,,,,,,
,422,,,,,,,,,,,,,,,,,,,,,,,,,,,141,0.08664604276418686,866.4603881835938,0.08664604276418686,0.24417294561862946,0.26170456409454346,0.23561452329158783,nan,0.0,1.0,0.0,0.0,0.0,1.0
0.0081450625,423,,,,,,,,,,,,,,,,,,,,,,,,,,,,,,,,,,,,,,,,
,425,0.08703377097845078,870.3377685546875,0.08703377097845078,0.25046271085739136,0.1693471372127533,0.09596338123083115,nan,0.0,1.0,0.0,0.0,0.0,1.0,0.08703628927469254,0.08703377097845078,141.0,0.009999999776482582,0.019999999552965164,0.0,0.0,0.0,0.0,0.0,0.0,0.0,0.30000001192092896,141,,,,,,,,,,,,,
,425,,,,,,,,,,,,,,,,,,,,,,,,,,,142,0.08638855069875717,863.8854370117188,0.08638855069875717,0.24655742943286896,0.2640175223350525,0.23151643574237823,nan,0.0,1.0,0.0,0.0,0.0,1.0
0.0081450625,426,,,,,,,,,,,,,,,,,,,,,,,,,,,,,,,,,,,,,,,,
,428,0.08708880096673965,870.8880004882812,0.08708880096673965,0.2456291764974594,0.16394412517547607,0.09502977877855301,nan,0.0,1.0,0.0,0.0,0.0,1.0,0.08707304298877716,0.08708880096673965,142.0,0.009999999776482582,0.019999999552965164,0.0,0.0,0.0,0.0,0.0,0.0,0.0,0.30000001192092896,142,,,,,,,,,,,,,
,428,,,,,,,,,,,,,,,,,,,,,,,,,,,143,0.08654201030731201,865.4201049804688,0.08654201030731201,0.24229444563388824,0.2632938623428345,0.2354317456483841,nan,0.0,1.0,0.0,0.0,0.0,1.0
0.0081450625,429,,,,,,,,,,,,,,,,,,,,,,,,,,,,,,,,,,,,,,,,
,431,0.08706561475992203,870.6561279296875,0.08706561475992203,0.24871721863746643,0.16255289316177368,0.09586017578840256,nan,0.0,1.0,0.0,0.0,0.0,1.0,0.08706784248352051,0.08706561475992203,143.0,0.009999999776482582,0.019999999552965164,0.0,0.0,0.0,0.0,0.0,0.0,0.0,0.30000001192092896,143,,,,,,,,,,,,,
,431,,,,,,,,,,,,,,,,,,,,,,,,,,,144,0.08661270886659622,866.1271362304688,0.08661270886659622,0.24377267062664032,0.2628328800201416,0.23316563665866852,nan,0.0,1.0,0.0,0.0,0.0,1.0
0.0081450625,432,,,,,,,,,,,,,,,,,,,,,,,,,,,,,,,,,,,,,,,,
,434,0.08705798536539078,870.579833984375,0.08705798536539078,0.25065693259239197,0.16489596664905548,0.09194181859493256,nan,0.0,1.0,0.0,0.0,0.0,1.0,0.08706094324588776,0.08705798536539078,144.0,0.009999999776482582,0.019999999552965164,0.0,0.0,0.0,0.0,0.0,0.0,0.0,0.30000001192092896,144,,,,,,,,,,,,,
,434,,,,,,,,,,,,,,,,,,,,,,,,,,,145,0.086463063955307,864.6306762695312,0.086463063955307,0.2472010999917984,0.2683757245540619,0.24060899019241333,nan,0.0,1.0,0.0,0.0,0.0,1.0
0.0081450625,435,,,,,,,,,,,,,,,,,,,,,,,,,,,,,,,,,,,,,,,,
,437,0.08709292113780975,870.92919921875,0.08709292113780975,0.24855409562587738,0.15876299142837524,0.09118647128343582,nan,0.0,1.0,0.0,0.0,0.0,1.0,0.08708332479000092,0.08709292113780975,145.0,0.009999999776482582,0.019999999552965164,0.0,0.0,0.0,0.0,0.0,0.0,0.0,0.30000001192092896,145,,,,,,,,,,,,,
,437,,,,,,,,,,,,,,,,,,,,,,,,,,,146,0.08640729635953903,864.0729370117188,0.08640729635953903,0.24837243556976318,0.26689112186431885,0.2382477968931198,nan,0.0,1.0,0.0,0.0,0.0,1.0
0.0081450625,438,,,,,,,,,,,,,,,,,,,,,,,,,,,,,,,,,,,,,,,,
,440,0.08717037737369537,871.7037353515625,0.08717037737369537,0.24332796037197113,0.1525941789150238,0.0853273794054985,nan,0.0,1.0,0.0,0.0,0.0,1.0,0.08714426308870316,0.08717037737369537,146.0,0.009999999776482582,0.019999999552965164,0.0,0.0,0.0,0.0,0.0,0.0,0.0,0.30000001192092896,146,,,,,,,,,,,,,
,440,,,,,,,,,,,,,,,,,,,,,,,,,,,147,0.08611679077148438,861.16796875,0.08611679077148438,0.24816717207431793,0.26857003569602966,0.2367415875196457,nan,0.0,1.0,0.0,0.0,0.0,1.0
0.0081450625,441,,,,,,,,,,,,,,,,,,,,,,,,,,,,,,,,,,,,,,,,
,443,0.08713613450527191,871.361328125,0.08713613450527191,0.2459743320941925,0.1522746980190277,0.08954232186079025,nan,0.0,1.0,0.0,0.0,0.0,1.0,0.0871385708451271,0.08713613450527191,147.0,0.009999999776482582,0.019999999552965164,0.0,0.0,0.0,0.0,0.0,0.0,0.0,0.30000001192092896,147,,,,,,,,,,,,,
,443,,,,,,,,,,,,,,,,,,,,,,,,,,,148,0.08653490990400314,865.34912109375,0.08653490990400314,0.24866653978824615,0.2720922827720642,0.23513181507587433,nan,0.0,1.0,0.0,0.0,0.0,1.0
